time,tavg,tmin,tmax,prcp,snow,wdir,wspd,wpgt,pres,tsun,city
2023-01-01,-21.7,-24.9,-18.1,,,104.0,5.3,,1040.5,,krasnoyarsk
2023-01-02,-15.5,-18.4,-12.4,,,196.0,6.8,,1036.6,,krasnoyarsk
2023-01-03,-17.5,-23.4,-13.6,,,195.0,5.9,,1028.9,,krasnoyarsk
2023-01-04,-20.3,-26.6,-13.3,,,159.0,5.8,,1017.8,,krasnoyarsk
2023-01-05,-8.7,-14.0,-4.9,,,186.0,13.3,,1014.4,,krasnoyarsk
2023-01-06,-5.1,-10.1,-3.3,,,243.0,10.3,,1008.8,,krasnoyarsk
2023-01-07,-13.9,-15.7,-10.9,,,224.0,9.0,,1020.8,,krasnoyarsk
2023-01-08,-9.2,-15.4,-3.9,,,189.0,11.0,,1015.8,,krasnoyarsk
2023-01-09,-3.7,-14.0,0.1,,,216.0,21.3,,1008.3,,krasnoyarsk
2023-01-10,-21.7,-28.4,-14.9,,,244.0,13.0,,1022.1,,krasnoyarsk
2023-01-11,-29.9,-31.3,-27.5,,,238.0,5.9,,1031.6,,krasnoyarsk
2023-01-12,-30.6,-34.2,-25.4,,,209.0,8.0,,1045.4,,krasnoyarsk
2023-01-13,-22.1,-29.7,-15.3,,,204.0,16.8,,1038.4,,krasnoyarsk
2023-01-14,-14.4,-16.7,-11.0,,,216.0,20.6,,1033.1,,krasnoyarsk
2023-01-15,-10.7,-11.4,-10.2,,,225.0,20.5,,1021.9,,krasnoyarsk
2023-01-16,-11.1,-12.5,-8.9,,,220.0,18.6,,1027.6,,krasnoyarsk
2023-01-17,-10.2,-16.1,-8.1,,,243.0,21.4,,1019.1,,krasnoyarsk
2023-01-18,-27.4,-35.5,-17.8,,,17.0,4.5,,1037.9,,krasnoyarsk
2023-01-19,-22.0,-32.4,-14.4,,,127.0,5.1,,1030.1,,krasnoyarsk
2023-01-20,-19.4,-28.8,-15.7,,,297.0,7.8,,1029.0,,krasnoyarsk
2023-01-21,-37.2,-43.2,-30.3,,,35.0,4.7,,1049.8,,krasnoyarsk
2023-01-22,-39.4,-45.2,-32.1,,,122.0,3.5,,1058.5,,krasnoyarsk
2023-01-23,-24.0,-34.7,-16.5,,,170.0,10.9,,1034.6,,krasnoyarsk
2023-01-24,-14.1,-16.9,-10.7,,,208.0,12.1,,1022.3,,krasnoyarsk
2023-01-25,-13.2,-20.8,-9.5,,,217.0,8.5,,1025.1,,krasnoyarsk
2023-01-26,-14.1,-22.1,-7.1,,,209.0,16.9,,1027.2,,krasnoyarsk
2023-01-27,-5.9,-7.1,-4.9,,,219.0,23.6,,1019.4,,krasnoyarsk
2023-01-28,-6.7,-8.5,-4.7,,,219.0,17.5,,1020.4,,krasnoyarsk
2023-01-29,-5.7,-7.4,-4.3,,,222.0,17.6,,1014.3,,krasnoyarsk
2023-01-30,-9.7,-12.1,-7.9,,,232.0,16.4,,1021.5,,krasnoyarsk
2023-01-31,-14.8,-18.8,-10.4,,,156.0,3.8,,1032.8,,krasnoyarsk
2023-02-01,-17.1,-20.3,-11.5,,,225.0,3.0,,1032.4,,krasnoyarsk
2023-02-02,-19.8,-23.2,-14.9,,,233.0,2.3,,1034.4,,krasnoyarsk
2023-02-03,-20.2,-24.1,-12.7,,,216.0,2.9,,1029.0,,krasnoyarsk
2023-02-04,-19.6,-23.7,-13.1,,,124.0,2.1,,1028.4,,krasnoyarsk
2023-02-05,-19.8,-23.1,-14.3,,,216.0,2.2,,1031.8,,krasnoyarsk
2023-02-06,-20.2,-24.0,-13.8,,,190.0,2.4,,1032.9,,krasnoyarsk
2023-02-07,-17.9,-23.6,-10.0,,,156.0,4.2,,1028.9,,krasnoyarsk
2023-02-08,-11.7,-13.8,-7.4,,,220.0,7.3,,1023.7,,krasnoyarsk
2023-02-09,-16.8,-21.5,-13.7,,,302.0,3.2,,1020.2,,krasnoyarsk
2023-02-10,-25.0,-29.2,-18.1,,,10.0,2.1,,1025.1,,krasnoyarsk
2023-02-11,-25.8,-30.8,-17.6,,,189.0,2.3,,1039.4,,krasnoyarsk
2023-02-12,-23.2,-28.0,-13.8,,,145.0,3.6,,1043.9,,krasnoyarsk
2023-02-13,-21.3,-27.6,-14.2,,,111.0,3.5,,1036.7,,krasnoyarsk
2023-02-14,-15.2,-16.7,-11.8,,,234.0,9.8,,1035.6,,krasnoyarsk
2023-02-15,-19.4,-25.0,-13.7,,,209.0,3.1,,1037.4,,krasnoyarsk
2023-02-16,-22.3,-28.2,-15.2,,,196.0,2.8,,1034.8,,krasnoyarsk
2023-02-17,-11.9,-19.7,-5.7,,,232.0,20.1,,1031.7,,krasnoyarsk
2023-02-18,-6.8,-10.0,-4.7,,,220.0,13.1,,1032.2,,krasnoyarsk
2023-02-19,-8.5,-12.4,-2.7,,,156.0,3.8,,1030.2,,krasnoyarsk
2023-02-20,-8.9,-12.0,-4.6,,,211.0,4.6,,1030.3,,krasnoyarsk
2023-02-21,-10.9,-15.1,-4.7,,,124.0,3.5,,1028.7,,krasnoyarsk
2023-02-22,-11.6,-16.1,-5.0,,,80.0,4.8,,1030.3,,krasnoyarsk
2023-02-23,-11.8,-18.6,-3.9,,,80.0,6.3,,1027.5,,krasnoyarsk
2023-02-24,-4.6,-12.9,4.8,,,167.0,8.7,,1020.8,,krasnoyarsk
2023-02-25,-1.0,-5.1,1.8,,,236.0,13.3,,1017.4,,krasnoyarsk
2023-02-26,-8.1,-9.9,-5.7,,,242.0,14.2,,1032.5,,krasnoyarsk
2023-02-27,-9.0,-11.8,-5.8,,,218.0,13.9,,1035.5,,krasnoyarsk
2023-02-28,-4.9,-12.1,1.7,,,191.0,14.5,,1028.3,,krasnoyarsk
2023-03-01,1.2,-0.1,3.1,,,215.0,19.3,,1014.5,,krasnoyarsk
2023-03-02,4.6,1.1,9.3,,,207.0,18.9,,1010.5,,krasnoyarsk
2023-03-03,4.0,1.4,5.7,,,208.0,12.8,,1006.2,,krasnoyarsk
2023-03-04,-3.6,-7.4,1.2,,,240.0,17.5,,1014.4,,krasnoyarsk
2023-03-05,-6.6,-10.3,-1.9,,,204.0,11.3,,1024.0,,krasnoyarsk
2023-03-06,-6.9,-11.1,-2.2,,,158.0,6.5,,1013.8,,krasnoyarsk
2023-03-07,-1.9,-5.5,2.1,,,214.0,17.9,,1011.5,,krasnoyarsk
2023-03-08,-2.3,-6.5,3.4,,,183.0,15.6,,1001.2,,krasnoyarsk
2023-03-09,-8.6,-16.8,-3.2,,,258.0,18.1,,1023.2,,krasnoyarsk
2023-03-10,-16.0,-25.0,-8.5,,,179.0,5.5,,1042.6,,krasnoyarsk
2023-03-11,-3.3,-10.8,5.5,,,182.0,12.1,,1029.1,,krasnoyarsk
2023-03-12,0.4,-2.9,4.2,,,215.0,17.6,,1009.1,,krasnoyarsk
2023-03-13,-4.3,-8.5,-0.3,,,250.0,20.1,,1029.5,,krasnoyarsk
2023-03-14,-2.4,-4.1,0.9,,,231.0,12.2,,1031.5,,krasnoyarsk
2023-03-15,-2.5,-8.1,3.3,,,110.0,5.9,,1028.3,,krasnoyarsk
2023-03-16,-3.3,-11.0,5.5,,,88.0,5.0,,1024.8,,krasnoyarsk
2023-03-17,-1.3,-8.9,8.2,,,239.0,3.1,,1025.1,,krasnoyarsk
2023-03-18,0.7,-8.2,9.6,,,223.0,9.1,,1019.3,,krasnoyarsk
2023-03-19,0.9,-5.7,6.8,,,235.0,15.7,,1007.6,,krasnoyarsk
2023-03-20,-12.4,-17.0,-7.2,,,279.0,12.8,,1026.8,,krasnoyarsk
2023-03-21,-14.2,-22.0,-6.7,,,163.0,6.4,,1033.1,,krasnoyarsk
2023-03-22,-12.3,-20.8,-4.0,,,131.0,4.8,,1034.1,,krasnoyarsk
2023-03-23,-8.7,-18.8,0.4,,,124.0,6.2,,1026.6,,krasnoyarsk
2023-03-24,-2.4,-9.2,4.5,,,203.0,9.6,,1019.6,,krasnoyarsk
2023-03-25,1.9,-2.8,7.1,,,216.0,15.4,,1018.7,,krasnoyarsk
2023-03-26,5.5,-0.6,11.6,,,215.0,16.5,,1014.7,,krasnoyarsk
2023-03-27,7.1,4.9,8.9,,,228.0,17.5,,1011.3,,krasnoyarsk
2023-03-28,5.7,2.5,9.4,,,233.0,15.3,,1018.4,,krasnoyarsk
2023-03-29,9.9,5.3,16.1,,,217.0,15.4,,1012.0,,krasnoyarsk
2023-03-30,-1.4,-9.7,7.0,,,305.0,12.1,,1010.0,,krasnoyarsk
2023-03-31,-9.9,-13.5,-6.3,,,284.0,11.0,,1028.7,,krasnoyarsk
2023-04-01,-12.5,-18.1,-6.9,,,321.0,6.4,,1043.2,,krasnoyarsk
2023-04-02,-11.9,-22.9,-2.8,,,182.0,4.3,,1044.6,,krasnoyarsk
2023-04-03,-2.7,-9.3,4.1,,,213.0,15.5,,1033.4,,krasnoyarsk
2023-04-04,1.4,-2.4,3.8,,,248.0,15.9,,1027.7,,krasnoyarsk
2023-04-05,-4.9,-13.3,1.8,,,340.0,5.6,,1035.9,,krasnoyarsk
2023-04-06,1.7,-9.6,12.2,,,195.0,12.3,,1019.4,,krasnoyarsk
2023-04-07,3.5,-6.3,9.1,,,270.0,14.1,,1007.8,,krasnoyarsk
2023-04-08,-7.1,-12.8,-1.2,,,311.0,8.1,,1017.5,,krasnoyarsk
2023-04-09,-4.9,-8.3,-2.1,,,238.0,20.1,,1011.3,,krasnoyarsk
2023-04-10,-2.3,-9.8,5.9,,,212.0,15.7,,1017.7,,krasnoyarsk
2023-04-11,4.5,-1.7,10.1,,,217.0,19.8,,1001.5,,krasnoyarsk
2023-04-12,-3.1,-5.7,-0.6,,,245.0,16.0,,1018.9,,krasnoyarsk
2023-04-13,2.9,-2.8,8.9,,,198.0,17.3,,1019.6,,krasnoyarsk
2023-04-14,2.5,-5.9,6.7,,,237.0,15.3,,1009.6,,krasnoyarsk
2023-04-15,-8.1,-12.7,-3.1,,,334.0,9.3,,1013.4,,krasnoyarsk
2023-04-16,-7.9,-17.3,0.0,,,97.0,5.0,,1012.8,,krasnoyarsk
2023-04-17,-1.3,-7.0,4.4,,,136.0,9.6,,1009.1,,krasnoyarsk
2023-04-18,-4.8,-8.1,-0.5,,,243.0,18.8,,1015.0,,krasnoyarsk
2023-04-19,-6.8,-11.5,-1.2,,,236.0,15.2,,1025.8,,krasnoyarsk
2023-04-20,-3.6,-6.5,0.0,,,231.0,11.6,,1027.1,,krasnoyarsk
2023-04-21,-0.5,-5.5,4.4,,,212.0,9.0,,1027.3,,krasnoyarsk
2023-04-22,3.7,-2.0,10.3,,,212.0,7.8,,1028.6,,krasnoyarsk
2023-04-23,4.9,-4.5,12.9,,,158.0,5.4,,1029.0,,krasnoyarsk
2023-04-24,8.1,-2.2,16.8,,,147.0,7.2,,1016.4,,krasnoyarsk
2023-04-25,4.4,-0.8,7.2,,,232.0,15.7,,1010.7,,krasnoyarsk
2023-04-26,1.4,-2.3,5.1,,,229.0,9.0,,1019.8,,krasnoyarsk
2023-04-27,5.1,-3.2,12.0,,,211.0,12.0,,1021.1,,krasnoyarsk
2023-04-28,11.3,6.7,17.6,,,206.0,14.1,,1010.3,,krasnoyarsk
2023-04-29,9.9,4.5,13.1,,,250.0,14.7,,1006.0,,krasnoyarsk
2023-04-30,3.1,-0.4,6.4,,,276.0,11.7,,1008.2,,krasnoyarsk
2023-05-01,1.4,-1.9,5.1,,,265.0,9.0,,1011.4,,krasnoyarsk
2023-05-02,2.7,-2.3,7.0,,,280.0,7.4,,1019.0,,krasnoyarsk
2023-05-03,4.4,-0.5,9.3,,,322.0,6.3,,1027.2,,krasnoyarsk
2023-05-04,5.2,-3.0,12.2,,,125.0,3.8,,1030.7,,krasnoyarsk
2023-05-05,9.1,1.1,14.9,,,211.0,13.6,,1026.4,,krasnoyarsk
2023-05-06,14.4,9.3,20.5,,,248.0,11.0,,1023.7,,krasnoyarsk
2023-05-07,13.3,4.3,21.5,,,60.0,5.2,,1024.3,,krasnoyarsk
2023-05-08,16.5,4.5,25.7,,,146.0,4.4,,1017.7,,krasnoyarsk
2023-05-09,18.0,9.1,25.0,,,251.0,11.7,,1012.0,,krasnoyarsk
2023-05-10,8.3,3.4,11.7,,,323.0,9.1,,1023.0,,krasnoyarsk
2023-05-11,9.0,-0.8,16.3,,,126.0,5.3,,1021.2,,krasnoyarsk
2023-05-12,9.8,5.8,14.3,,,288.0,11.2,,1009.0,,krasnoyarsk
2023-05-13,3.2,-0.1,6.3,,,289.0,11.3,,1016.8,,krasnoyarsk
2023-05-14,4.4,-4.3,11.5,,,332.0,5.2,,1014.0,,krasnoyarsk
2023-05-15,8.0,-0.9,15.1,,,298.0,9.9,,1006.8,,krasnoyarsk
2023-05-16,8.1,1.8,12.8,,,223.0,9.6,,1010.0,,krasnoyarsk
2023-05-17,5.8,4.4,7.6,,,253.0,15.6,,1011.3,,krasnoyarsk
2023-05-18,7.5,3.4,11.9,,,295.0,15.8,,1023.0,,krasnoyarsk
2023-05-19,8.5,1.2,14.5,,,288.0,7.6,,1029.0,,krasnoyarsk
2023-05-20,11.2,1.0,18.4,,,102.0,5.0,,1027.7,,krasnoyarsk
2023-05-21,14.1,2.5,21.7,,,57.0,6.4,,1019.3,,krasnoyarsk
2023-05-22,15.2,5.4,21.3,,,309.0,8.3,,1015.5,,krasnoyarsk
2023-05-23,14.4,7.0,19.8,,,308.0,12.1,,1016.3,,krasnoyarsk
2023-05-24,10.8,5.8,12.9,,,308.0,15.5,,1014.9,,krasnoyarsk
2023-05-25,7.0,1.3,12.0,,,332.0,7.8,,1020.5,,krasnoyarsk
2023-05-26,8.6,0.4,13.7,,,356.0,7.6,,1021.1,,krasnoyarsk
2023-05-27,11.2,5.9,16.5,,,21.0,7.5,,1022.0,,krasnoyarsk
2023-05-28,13.1,3.6,19.8,,,44.0,7.3,,1020.0,,krasnoyarsk
2023-05-29,14.7,7.3,20.7,,,35.0,8.2,,1016.7,,krasnoyarsk
2023-05-30,11.6,10.0,13.8,,,307.0,6.7,,1016.0,,krasnoyarsk
2023-05-31,14.2,8.8,20.3,,,265.0,6.4,,1019.3,,krasnoyarsk
2023-06-01,17.0,7.4,24.7,,,248.0,5.1,,1020.8,,krasnoyarsk
2023-06-02,19.9,8.9,28.2,,,227.0,8.8,,1020.2,,krasnoyarsk
2023-06-03,21.3,15.3,29.1,,,237.0,11.8,,1018.9,,krasnoyarsk
2023-06-04,20.2,13.5,26.7,,,308.0,6.2,,1019.7,,krasnoyarsk
2023-06-05,22.8,12.0,32.1,,,227.0,11.9,,1013.7,,krasnoyarsk
2023-06-06,24.0,15.3,31.5,,,278.0,7.7,,1011.8,,krasnoyarsk
2023-06-07,25.1,15.4,33.2,,,173.0,5.6,,1011.3,,krasnoyarsk
2023-06-08,26.2,16.0,33.9,,,187.0,6.6,,1007.5,,krasnoyarsk
2023-06-09,25.2,17.5,32.7,,,208.0,8.5,,1004.9,,krasnoyarsk
2023-06-10,18.7,14.5,20.8,,,296.0,11.7,,1008.7,,krasnoyarsk
2023-06-11,15.5,11.6,20.3,,,353.0,10.8,,1018.3,,krasnoyarsk
2023-06-12,15.2,8.1,21.2,,,55.0,9.2,,1016.8,,krasnoyarsk
2023-06-13,15.0,9.5,19.3,,,253.0,8.5,,1013.3,,krasnoyarsk
2023-06-14,11.9,9.2,15.1,,,303.0,11.5,,1012.5,,krasnoyarsk
2023-06-15,14.6,5.6,21.7,,,209.0,12.8,,1013.2,,krasnoyarsk
2023-06-16,17.1,10.1,22.7,,,218.0,10.2,,1006.6,,krasnoyarsk
2023-06-17,19.4,8.9,27.4,,,208.0,8.9,,1006.5,,krasnoyarsk
2023-06-18,18.7,11.5,24.4,,,242.0,9.3,,1003.2,,krasnoyarsk
2023-06-19,16.7,12.2,21.3,,,5.0,6.5,,1005.9,,krasnoyarsk
2023-06-20,19.7,9.8,28.5,,,86.0,8.2,,998.9,,krasnoyarsk
2023-06-21,19.8,15.8,23.9,,,266.0,7.6,,1002.8,,krasnoyarsk
2023-06-22,18.8,13.0,24.5,,,233.0,8.3,,1004.2,,krasnoyarsk
2023-06-23,16.0,10.3,20.4,,,226.0,8.6,,1007.6,,krasnoyarsk
2023-06-24,15.7,7.1,22.2,,,73.0,5.4,,1008.1,,krasnoyarsk
2023-06-25,13.7,11.5,16.3,,,296.0,9.4,,1008.0,,krasnoyarsk
2023-06-26,15.3,11.1,19.2,,,271.0,10.4,,1011.9,,krasnoyarsk
2023-06-27,16.2,7.4,23.0,,,234.0,5.9,,1009.9,,krasnoyarsk
2023-06-28,19.4,9.4,27.6,,,102.0,8.3,,1000.3,,krasnoyarsk
2023-06-29,18.9,14.0,23.0,,,216.0,11.6,,1000.9,,krasnoyarsk
2023-06-30,18.0,13.2,22.7,,,216.0,11.9,,1006.5,,krasnoyarsk
2023-07-01,17.0,11.2,21.0,,,211.0,7.5,,1007.2,,krasnoyarsk
2023-07-02,16.1,10.1,21.2,,,243.0,8.0,,1013.5,,krasnoyarsk
2023-07-03,16.4,9.1,22.1,,,311.0,4.9,,1014.3,,krasnoyarsk
2023-07-04,17.8,11.0,23.6,,,297.0,5.3,,1012.0,,krasnoyarsk
2023-07-05,20.3,12.9,27.2,,,300.0,6.2,,1009.2,,krasnoyarsk
2023-07-06,21.9,12.6,29.4,,,320.0,4.8,,1009.3,,krasnoyarsk
2023-07-07,22.9,13.2,30.8,,,54.0,4.8,,1007.7,,krasnoyarsk
2023-07-08,22.7,15.2,29.1,,,123.0,6.0,,1004.5,,krasnoyarsk
2023-07-09,20.5,16.1,23.9,,,222.0,9.9,,1005.5,,krasnoyarsk
2023-07-10,20.3,16.0,24.7,,,242.0,10.1,,1007.0,,krasnoyarsk
2023-07-11,21.5,15.6,26.6,,,238.0,12.8,,1009.3,,krasnoyarsk
2023-07-12,20.0,15.7,23.5,,,265.0,9.5,,1012.0,,krasnoyarsk
2023-07-13,20.3,11.3,27.2,,,222.0,7.8,,1013.0,,krasnoyarsk
2023-07-14,21.3,15.4,25.9,,,47.0,4.8,,1007.9,,krasnoyarsk
2023-07-15,22.4,15.9,29.0,,,77.0,6.5,,1003.0,,krasnoyarsk
2023-07-16,21.8,18.0,25.8,,,216.0,9.0,,1002.2,,krasnoyarsk
2023-07-17,19.2,15.0,23.0,,,250.0,8.6,,1007.6,,krasnoyarsk
2023-07-18,19.4,12.4,25.4,,,61.0,4.6,,1016.1,,krasnoyarsk
2023-07-19,19.4,11.4,26.2,,,42.0,5.9,,1012.7,,krasnoyarsk
2023-07-20,20.7,11.8,28.2,,,61.0,7.6,,1009.3,,krasnoyarsk
2023-07-21,20.7,13.5,26.8,,,134.0,6.0,,1008.5,,krasnoyarsk
2023-07-22,22.5,16.1,28.6,,,184.0,6.0,,1008.7,,krasnoyarsk
2023-07-23,19.5,15.8,22.7,,,226.0,9.0,,1006.9,,krasnoyarsk
2023-07-24,19.0,14.2,22.8,,,220.0,8.3,,1006.2,,krasnoyarsk
2023-07-25,19.5,15.7,23.7,,,226.0,9.5,,1005.8,,krasnoyarsk
2023-07-26,20.2,14.6,25.0,,,227.0,8.7,,1006.8,,krasnoyarsk
2023-07-27,21.2,15.4,26.7,,,208.0,7.6,,1007.8,,krasnoyarsk
2023-07-28,21.1,13.9,27.2,,,111.0,4.0,,1005.3,,krasnoyarsk
2023-07-29,18.9,14.6,21.4,,,0.0,6.2,,1002.1,,krasnoyarsk
2023-07-30,21.1,16.6,25.9,,,226.0,13.4,,1004.2,,krasnoyarsk
2023-07-31,21.9,15.8,27.4,,,225.0,7.7,,1004.7,,krasnoyarsk
2023-08-01,21.7,14.5,28.0,,,286.0,4.0,,1006.9,,krasnoyarsk
2023-08-02,22.4,14.8,28.7,,,0.0,3.8,,1007.0,,krasnoyarsk
2023-08-03,22.5,15.3,28.7,,,38.0,4.5,,1006.7,,krasnoyarsk
2023-08-04,21.8,16.0,27.3,,,8.0,5.3,,1006.0,,krasnoyarsk
2023-08-05,17.9,13.5,22.1,,,22.0,7.6,,1008.2,,krasnoyarsk
2023-08-06,15.9,8.1,22.3,,,350.0,4.0,,1007.2,,krasnoyarsk
2023-08-07,17.6,8.4,25.2,,,113.0,4.0,,1003.6,,krasnoyarsk
2023-08-08,20.0,10.9,27.7,,,193.0,3.8,,1004.2,,krasnoyarsk
2023-08-09,20.1,12.5,26.6,,,284.0,4.7,,1006.4,,krasnoyarsk
2023-08-10,19.9,13.3,26.2,,,212.0,8.0,,1008.8,,krasnoyarsk
2023-08-11,19.7,12.2,25.7,,,167.0,5.5,,1003.2,,krasnoyarsk
2023-08-12,19.1,14.5,23.9,,,244.0,4.8,,1003.5,,krasnoyarsk
2023-08-13,17.3,14.1,20.9,,,236.0,5.2,,1009.4,,krasnoyarsk
2023-08-14,17.6,11.3,23.6,,,202.0,4.8,,1010.4,,krasnoyarsk
2023-08-15,16.0,12.0,19.5,,,223.0,12.7,,1015.8,,krasnoyarsk
2023-08-16,16.0,8.8,22.3,,,196.0,8.5,,1013.8,,krasnoyarsk
2023-08-17,14.8,11.8,17.2,,,207.0,12.2,,1008.8,,krasnoyarsk
2023-08-18,15.1,12.4,18.0,,,242.0,12.7,,1010.4,,krasnoyarsk
2023-08-19,14.6,10.7,19.8,,,232.0,8.9,,1013.2,,krasnoyarsk
2023-08-20,14.8,8.2,20.1,,,189.0,6.3,,1011.7,,krasnoyarsk
2023-08-21,16.4,10.3,22.1,,,195.0,4.5,,1012.6,,krasnoyarsk
2023-08-22,17.7,11.7,24.1,,,169.0,4.5,,1013.4,,krasnoyarsk
2023-08-23,19.5,11.7,27.1,,,155.0,4.2,,1010.7,,krasnoyarsk
2023-08-24,20.4,11.5,28.6,,,130.0,4.8,,1009.3,,krasnoyarsk
2023-08-25,20.7,11.4,29.2,,,111.0,5.2,,1004.8,,krasnoyarsk
2023-08-26,18.7,13.8,22.4,,,247.0,7.5,,1007.0,,krasnoyarsk
2023-08-27,17.3,9.2,24.4,,,56.0,6.3,,1011.3,,krasnoyarsk
2023-08-28,21.4,13.5,30.0,,,77.0,5.4,,1006.5,,krasnoyarsk
2023-08-29,20.4,15.2,25.9,,,264.0,7.7,,1009.5,,krasnoyarsk
2023-08-30,18.5,14.6,23.0,,,352.0,5.9,,1016.6,,krasnoyarsk
2023-08-31,18.6,15.9,22.6,,,44.0,5.1,,1011.2,,krasnoyarsk
2023-09-01,18.5,14.8,22.5,,,269.0,5.6,,1011.5,,krasnoyarsk
2023-09-02,16.8,13.0,21.0,,,214.0,4.9,,1015.1,,krasnoyarsk
2023-09-03,15.8,9.8,21.9,,,118.0,3.5,,1013.4,,krasnoyarsk
2023-09-04,17.2,9.7,24.5,,,116.0,4.3,,1009.7,,krasnoyarsk
2023-09-05,15.7,12.9,18.6,,,276.0,4.3,,1008.7,,krasnoyarsk
2023-09-06,14.5,10.9,18.3,,,235.0,7.7,,1013.6,,krasnoyarsk
2023-09-07,11.6,7.1,16.0,,,200.0,4.4,,1012.4,,krasnoyarsk
2023-09-08,11.5,8.8,14.8,,,236.0,10.3,,1014.6,,krasnoyarsk
2023-09-09,10.5,7.1,14.2,,,255.0,7.0,,1015.6,,krasnoyarsk
2023-09-10,10.3,5.2,15.5,,,120.0,3.4,,1019.4,,krasnoyarsk
2023-09-11,11.1,4.1,17.6,,,60.0,6.2,,1015.5,,krasnoyarsk
2023-09-12,10.4,3.4,16.3,,,42.0,6.7,,1010.2,,krasnoyarsk
2023-09-13,12.3,9.3,15.8,,,281.0,3.8,,1012.4,,krasnoyarsk
2023-09-14,12.3,7.7,18.9,,,71.0,2.9,,1016.9,,krasnoyarsk
2023-09-15,13.1,6.8,20.2,,,22.0,3.8,,1017.6,,krasnoyarsk
2023-09-16,12.8,5.2,20.7,,,356.0,4.0,,1018.2,,krasnoyarsk
2023-09-17,13.2,6.1,21.2,,,293.0,3.4,,1019.3,,krasnoyarsk
2023-09-18,12.8,5.4,20.8,,,237.0,2.9,,1020.1,,krasnoyarsk
2023-09-19,12.8,5.4,20.6,,,259.0,2.6,,1018.9,,krasnoyarsk
2023-09-20,12.9,5.5,20.6,,,80.0,2.4,,1017.1,,krasnoyarsk
2023-09-21,13.7,8.5,20.4,,,242.0,4.5,,1017.7,,krasnoyarsk
2023-09-22,13.3,6.0,21.1,,,216.0,8.1,,1014.6,,krasnoyarsk
2023-09-23,12.7,8.3,18.1,,,212.0,13.6,,1008.3,,krasnoyarsk
2023-09-24,6.3,3.3,9.5,,,235.0,11.5,,1018.2,,krasnoyarsk
2023-09-25,4.6,1.4,9.0,,,122.0,4.5,,1022.3,,krasnoyarsk
2023-09-26,5.4,1.5,10.7,,,334.0,4.5,,1025.0,,krasnoyarsk
2023-09-27,7.3,2.0,13.1,,,205.0,2.7,,1024.2,,krasnoyarsk
2023-09-28,8.5,3.3,15.4,,,187.0,4.1,,1020.1,,krasnoyarsk
2023-09-29,9.2,5.9,12.6,,,215.0,8.3,,1015.4,,krasnoyarsk
2023-09-30,9.0,4.4,14.7,,,221.0,8.1,,1015.1,,krasnoyarsk
2023-10-01,2.4,-0.8,7.8,,,278.0,10.2,,1021.6,,krasnoyarsk
2023-10-02,2.5,-2.7,7.3,,,229.0,7.6,,1024.0,,krasnoyarsk
2023-10-03,7.3,4.3,12.8,,,229.0,9.4,,1023.9,,krasnoyarsk
2023-10-04,7.5,2.0,14.7,,,231.0,6.9,,1023.9,,krasnoyarsk
2023-10-05,8.6,3.9,15.1,,,220.0,9.3,,1022.8,,krasnoyarsk
2023-10-06,9.9,5.8,16.4,,,221.0,11.1,,1021.8,,krasnoyarsk
2023-10-07,9.7,4.0,18.1,,,208.0,3.3,,1020.6,,krasnoyarsk
2023-10-08,8.9,2.1,17.8,,,181.0,2.8,,1020.1,,krasnoyarsk
2023-10-09,12.1,6.7,18.6,,,204.0,7.6,,1021.3,,krasnoyarsk
2023-10-10,13.9,10.1,20.9,,,189.0,8.3,,1023.4,,krasnoyarsk
2023-10-11,14.1,7.0,22.4,,,186.0,9.1,,1017.2,,krasnoyarsk
2023-10-12,11.2,7.6,13.6,,,263.0,13.0,,1018.3,,krasnoyarsk
2023-10-13,5.6,3.9,7.4,,,295.0,10.0,,1018.1,,krasnoyarsk
2023-10-14,6.6,3.4,12.2,,,207.0,9.6,,1021.1,,krasnoyarsk
2023-10-15,6.3,2.5,9.5,,,221.0,8.1,,1013.2,,krasnoyarsk
2023-10-16,6.5,5.7,7.7,,,240.0,13.6,,1017.8,,krasnoyarsk
2023-10-17,7.2,5.9,9.2,,,233.0,17.4,,1020.1,,krasnoyarsk
2023-10-18,8.9,6.8,12.4,,,212.0,6.6,,1026.9,,krasnoyarsk
2023-10-19,8.8,3.6,16.0,,,156.0,5.6,,1023.4,,krasnoyarsk
2023-10-20,7.7,2.5,12.3,,,239.0,11.4,,1024.4,,krasnoyarsk
2023-10-21,5.5,-1.8,12.8,,,134.0,7.8,,1012.5,,krasnoyarsk
2023-10-22,5.2,3.4,8.3,,,217.0,16.9,,1012.3,,krasnoyarsk
2023-10-23,6.8,3.4,11.7,,,174.0,15.2,,996.8,,krasnoyarsk
2023-10-24,0.7,-1.2,2.4,,,230.0,19.3,,1016.7,,krasnoyarsk
2023-10-25,3.7,1.0,6.5,,,200.0,16.1,,1013.4,,krasnoyarsk
2023-10-26,9.4,5.2,13.2,,,198.0,14.7,,1003.3,,krasnoyarsk
2023-10-27,3.5,-2.4,11.3,,,230.0,21.1,,1008.3,,krasnoyarsk
2023-10-28,-3.0,-4.4,-1.2,,,231.0,18.0,,1026.2,,krasnoyarsk
2023-10-29,-3.5,-6.2,-0.9,,,250.0,6.3,,1025.6,,krasnoyarsk
2023-10-30,-5.8,-9.2,-1.0,,,30.0,5.7,,1019.7,,krasnoyarsk
2023-10-31,-5.9,-8.3,-3.5,,,49.0,10.8,,1016.0,,krasnoyarsk
2023-11-01,-6.3,-8.5,-3.5,,,39.0,7.2,,1020.8,,krasnoyarsk
2023-11-02,-4.9,-8.3,-1.2,,,96.0,6.2,,1017.5,,krasnoyarsk
2023-11-03,-5.3,-6.7,-3.3,,,301.0,7.7,,1023.8,,krasnoyarsk
2023-11-04,-6.1,-10.4,-2.2,,,193.0,8.7,,1031.8,,krasnoyarsk
2023-11-05,-2.1,-4.6,-0.6,,,228.0,19.0,,1016.3,,krasnoyarsk
2023-11-06,-5.1,-6.0,-4.2,,,230.0,15.8,,1024.0,,krasnoyarsk
2023-11-07,-7.5,-12.0,-5.6,,,302.0,5.2,,1025.4,,krasnoyarsk
2023-11-08,-10.6,-13.7,-6.7,,,78.0,5.1,,1034.5,,krasnoyarsk
2023-11-09,-13.5,-18.0,-8.1,,,68.0,6.5,,1034.4,,krasnoyarsk
2023-11-10,-13.2,-17.8,-6.6,,,83.0,4.2,,1037.2,,krasnoyarsk
2023-11-11,-8.7,-13.5,-1.9,,,135.0,2.8,,1037.6,,krasnoyarsk
2023-11-12,-6.9,-11.3,-1.8,,,171.0,3.2,,1031.5,,krasnoyarsk
2023-11-13,-1.2,-5.7,2.4,,,213.0,11.3,,1024.9,,krasnoyarsk
2023-11-14,-0.8,-5.8,1.5,,,252.0,15.4,,1028.2,,krasnoyarsk
2023-11-15,-1.1,-6.6,3.2,,,204.0,12.5,,1031.9,,krasnoyarsk
2023-11-16,3.9,2.2,6.4,,,212.0,16.3,,1015.6,,krasnoyarsk
2023-11-17,3.1,1.2,4.0,,,233.0,15.1,,1013.3,,krasnoyarsk
2023-11-18,1.3,-0.8,4.6,,,159.0,5.5,,1014.0,,krasnoyarsk
2023-11-19,4.5,-3.7,7.4,,,214.0,21.6,,996.8,,krasnoyarsk
2023-11-20,-7.5,-9.6,-4.5,,,244.0,15.5,,1023.4,,krasnoyarsk
2023-11-21,-14.6,-18.2,-10.0,,,265.0,11.9,,1038.8,,krasnoyarsk
2023-11-22,-17.9,-20.2,-14.7,,,157.0,2.7,,1045.7,,krasnoyarsk
2023-11-23,-17.9,-21.6,-13.5,,,61.0,6.9,,1034.2,,krasnoyarsk
2023-11-24,-13.2,-16.4,-9.5,,,73.0,7.4,,1023.9,,krasnoyarsk
2023-11-25,-8.5,-10.0,-6.9,,,57.0,5.2,,1017.9,,krasnoyarsk
2023-11-26,-9.7,-13.5,-8.2,,,220.0,3.8,,1031.3,,krasnoyarsk
2023-11-27,-14.6,-21.2,-11.6,,,33.0,4.5,,1036.6,,krasnoyarsk
2023-11-28,-21.6,-23.5,-17.5,,,37.0,2.3,,1045.7,,krasnoyarsk
2023-11-29,-20.2,-23.9,-15.8,,,72.0,3.4,,1043.1,,krasnoyarsk
2023-11-30,-15.5,-18.7,-11.3,,,100.0,2.4,,1031.5,,krasnoyarsk
2023-12-01,-5.1,-14.1,-0.3,,,224.0,10.5,,1025.0,,krasnoyarsk
2023-12-02,-2.4,-5.6,-1.0,,,228.0,12.1,,1018.6,,krasnoyarsk
2023-12-03,-2.9,-6.8,2.9,,,205.0,12.9,,1008.3,,krasnoyarsk
2023-12-04,-3.4,-17.3,3.5,,,231.0,22.5,,997.9,,krasnoyarsk
2023-12-05,-20.3,-22.7,-18.3,,,218.0,10.0,,1026.3,,krasnoyarsk
2023-12-06,-18.1,-19.1,-17.2,,,60.0,12.2,,1007.7,,krasnoyarsk
2023-12-07,-25.8,-34.1,-19.2,,,350.0,6.5,,1016.1,,krasnoyarsk
2023-12-08,-32.6,-35.3,-29.2,,,246.0,1.7,,1034.3,,krasnoyarsk
2023-12-09,-34.8,-38.6,-31.4,,,107.0,0.9,,1042.0,,krasnoyarsk
2023-12-10,-38.3,-41.8,-32.7,,,56.0,2.3,,1047.1,,krasnoyarsk
2023-12-11,-38.7,-41.4,-33.6,,,32.0,2.4,,1044.5,,krasnoyarsk
2023-12-12,-39.8,-43.4,-35.6,,,327.0,2.1,,1044.9,,krasnoyarsk
2023-12-13,-35.0,-40.1,-29.8,,,250.0,5.6,,1057.4,,krasnoyarsk
2023-12-14,-25.4,-30.4,-21.5,,,214.0,9.2,,1056.3,,krasnoyarsk
2023-12-15,-23.0,-26.9,-19.1,,,207.0,5.6,,1049.3,,krasnoyarsk
2023-12-16,-18.2,-22.1,-16.0,,,252.0,5.5,,1036.1,,krasnoyarsk
2023-12-17,-26.4,-33.7,-22.8,,,288.0,4.6,,1043.4,,krasnoyarsk
2023-12-18,-33.9,-37.8,-28.5,,,209.0,2.0,,1054.2,,krasnoyarsk
2023-12-19,-33.2,-37.1,-28.6,,,80.0,5.1,,1049.6,,krasnoyarsk
2023-12-20,-25.4,-32.7,-15.7,,,135.0,4.6,,1036.7,,krasnoyarsk
2023-12-21,-13.8,-17.6,-10.9,,,199.0,9.3,,1034.4,,krasnoyarsk
2023-12-22,-6.4,-11.3,-2.5,,,210.0,15.7,,1031.3,,krasnoyarsk
2023-12-23,-1.0,-5.3,0.7,,,226.0,15.0,,1028.1,,krasnoyarsk
2023-12-24,-8.5,-13.2,-5.3,,,253.0,6.7,,1025.0,,krasnoyarsk
2023-12-25,-11.6,-14.3,-8.2,,,118.0,2.9,,1026.3,,krasnoyarsk
2023-12-26,-10.1,-12.8,-6.6,,,137.0,2.6,,1021.3,,krasnoyarsk
2023-12-27,-8.0,-13.0,-4.4,,,211.0,7.2,,1023.7,,krasnoyarsk
2023-12-28,-9.9,-13.8,-4.6,,,99.0,4.6,,1020.3,,krasnoyarsk
2023-12-29,-4.5,-9.2,-2.7,,,181.0,8.7,,1018.8,,krasnoyarsk
2023-12-30,-3.1,-5.8,-1.2,,,202.0,15.2,,1014.1,,krasnoyarsk
2023-12-31,-4.6,-5.9,-2.6,,,202.0,19.1,,1012.5,,krasnoyarsk
2023-01-01,3.3,1.4,5.6,4.4,,209.0,4.1,,1007.2,,moskow
2023-01-02,0.6,-2.7,6.3,4.0,,286.0,6.4,,1012.8,,moskow
2023-01-03,-0.3,-2.5,2.8,9.8,,221.0,3.3,,1008.9,,moskow
2023-01-04,-2.0,-3.9,2.3,1.1,,301.0,6.5,,1010.6,,moskow
2023-01-05,-6.0,-12.5,-1.9,0.3,,347.0,5.1,,1008.2,,moskow
2023-01-06,-20.7,-23.2,-14.4,0.0,,346.0,6.4,,1019.7,,moskow
2023-01-07,-22.0,-24.7,-19.7,0.0,,336.0,3.2,,1030.7,,moskow
2023-01-08,-16.6,-19.4,-13.7,0.0,,283.0,2.1,,1033.7,,moskow
2023-01-09,-16.7,-18.4,-14.7,0.0,,125.0,5.0,,1036.9,,moskow
2023-01-10,-14.9,-18.9,-11.4,0.2,,144.0,8.7,,1039.4,,moskow
2023-01-11,-10.7,-13.8,-8.4,1.4,,161.0,7.6,,1036.5,,moskow
2023-01-12,-7.4,-8.6,-6.3,0.0,,165.0,6.4,,1029.1,,moskow
2023-01-13,-4.6,-6.0,-3.2,0.0,,177.0,5.4,,1024.4,,moskow
2023-01-14,-2.4,-3.8,-1.5,1.3,,171.0,5.7,,1023.9,,moskow
2023-01-15,-1.8,-2.7,-0.8,0.6,,167.0,6.1,,1022.9,,moskow
2023-01-16,-3.1,-3.8,-2.4,0.0,,158.0,8.9,,1017.4,,moskow
2023-01-17,-0.6,-2.7,2.0,3.1,,151.0,8.4,,1015.5,,moskow
2023-01-18,0.8,-0.0,1.6,1.4,,147.0,9.8,,1015.7,,moskow
2023-01-19,1.7,0.1,2.5,7.8,,150.0,8.6,,1016.0,,moskow
2023-01-20,3.0,1.5,4.2,0.3,,153.0,7.7,,1019.5,,moskow
2023-01-21,-1.2,-4.5,2.3,0.0,,142.0,5.7,,1031.2,,moskow
2023-01-22,-3.3,-5.4,-1.5,0.0,,140.0,3.3,,1036.7,,moskow
2023-01-23,-2.9,-4.4,-1.4,0.0,,143.0,2.7,,1041.6,,moskow
2023-01-24,-1.3,-3.0,-0.0,0.0,,238.0,2.6,,1037.4,,moskow
2023-01-25,-1.0,-1.7,0.2,0.5,,241.0,3.5,,1030.3,,moskow
2023-01-26,-1.6,-2.6,-0.9,0.0,,229.0,5.0,,1022.2,,moskow
2023-01-27,-2.1,-3.2,-1.6,0.3,,251.0,3.6,,1020.9,,moskow
2023-01-28,-2.9,-3.9,-1.4,0.0,,11.0,2.3,,1024.4,,moskow
2023-01-29,-2.3,-3.3,-0.8,0.0,,225.0,2.1,,1015.7,,moskow
2023-01-30,-1.4,-2.5,-0.3,1.7,,195.0,5.4,,1002.5,,moskow
2023-01-31,0.1,-1.4,0.8,0.2,,196.0,4.9,,999.4,,moskow
2023-02-01,0.4,-0.8,1.5,0.2,,174.0,4.8,,1005.2,,moskow
2023-02-02,-0.7,-1.2,0.2,0.0,,152.0,6.3,,1008.0,,moskow
2023-02-03,-0.0,-1.2,1.8,1.7,,159.0,4.6,,1009.4,,moskow
2023-02-04,-0.6,-2.4,0.7,0.0,,31.0,1.9,,1015.9,,moskow
2023-02-05,-2.2,-3.2,-1.0,0.6,,352.0,4.6,,1026.5,,moskow
2023-02-06,-5.0,-8.1,-2.8,0.0,,335.0,3.2,,1031.9,,moskow
2023-02-07,-5.6,-8.3,-2.1,0.0,,107.0,0.9,,1039.7,,moskow
2023-02-08,-5.0,-8.5,-2.5,0.5,,257.0,3.5,,1041.3,,moskow
2023-02-09,-1.5,-2.7,-0.2,0.0,,277.0,2.1,,1034.7,,moskow
2023-02-10,-1.8,-3.5,-0.0,0.2,,209.0,5.0,,1021.6,,moskow
2023-02-11,-1.8,-2.8,-0.8,3.9,,218.0,5.8,,1012.5,,moskow
2023-02-12,-3.8,-7.1,-0.8,2.3,,324.0,10.2,,1013.1,,moskow
2023-02-13,-3.0,-8.3,0.7,2.4,,266.0,3.5,,1013.6,,moskow
2023-02-14,0.5,-0.7,1.2,1.3,,335.0,9.4,,1009.7,,moskow
2023-02-15,-2.9,-4.4,-1.4,0.1,,349.0,10.0,,1023.2,,moskow
2023-02-16,-4.9,-7.3,-3.3,0.0,,20.0,4.5,,1026.7,,moskow
2023-02-17,-6.1,-9.2,-3.8,0.0,,119.0,2.7,,1025.0,,moskow
2023-02-18,-6.6,-8.5,-4.5,0.3,,145.0,8.4,,1011.5,,moskow
2023-02-19,-6.3,-7.5,-5.6,5.2,,136.0,7.0,,999.2,,moskow
2023-02-20,-6.8,-9.1,-5.7,1.3,,57.0,3.3,,997.9,,moskow
2023-02-21,-12.5,-16.6,-10.2,0.0,,27.0,5.2,,996.9,,moskow
2023-02-22,-13.6,-16.5,-11.1,0.0,,334.0,8.4,,1010.4,,moskow
2023-02-23,-11.1,-14.4,-7.0,0.0,,305.0,5.9,,1018.6,,moskow
2023-02-24,-5.8,-8.9,-2.4,1.9,,218.0,3.6,,1007.8,,moskow
2023-02-25,0.6,-2.8,2.7,2.0,,163.0,4.6,,997.5,,moskow
2023-02-26,1.2,-1.6,2.9,5.0,,193.0,7.3,,996.1,,moskow
2023-02-27,-3.3,-5.5,-2.3,0.0,,284.0,6.6,,1015.6,,moskow
2023-02-28,-4.6,-8.1,-1.7,0.6,,266.0,6.2,,1015.0,,moskow
2023-03-01,-4.0,-6.2,-2.0,0.1,,294.0,6.9,,1010.3,,moskow
2023-03-02,-2.7,-4.5,-0.7,1.6,,284.0,5.8,,1009.0,,moskow
2023-03-03,-0.1,-1.3,1.2,0.9,,264.0,5.0,,1001.8,,moskow
2023-03-04,-1.0,-2.8,0.6,2.4,,204.0,3.7,,994.7,,moskow
2023-03-05,-1.7,-3.3,-0.3,2.3,,273.0,4.5,,991.0,,moskow
2023-03-06,-2.5,-4.3,-0.4,0.8,,242.0,3.2,,999.8,,moskow
2023-03-07,-3.0,-5.5,0.7,0.4,,212.0,2.8,,1004.2,,moskow
2023-03-08,-3.9,-10.1,-0.1,2.5,,168.0,5.5,,1002.7,,moskow
2023-03-09,-1.3,-4.9,0.5,0.1,,234.0,4.0,,998.1,,moskow
2023-03-10,-5.4,-6.7,-3.8,0.0,,338.0,4.6,,1006.1,,moskow
2023-03-11,-4.4,-7.6,0.2,3.0,,124.0,6.9,,1008.4,,moskow
2023-03-12,1.8,-3.7,5.6,15.4,,182.0,7.7,,990.1,,moskow
2023-03-13,-3.1,-5.7,-0.5,0.0,,245.0,5.5,,1009.5,,moskow
2023-03-14,1.9,-3.9,5.7,1.8,,174.0,7.8,,1010.6,,moskow
2023-03-15,6.1,4.0,9.3,0.0,,168.0,7.2,,1011.7,,moskow
2023-03-16,2.6,1.3,4.3,4.8,,101.0,3.8,,1014.0,,moskow
2023-03-17,1.8,-2.7,4.7,0.0,,1.0,8.7,,1025.1,,moskow
2023-03-18,-0.4,-6.9,5.8,0.0,,79.0,2.5,,1035.2,,moskow
2023-03-19,-0.8,-7.6,5.2,0.0,,141.0,2.3,,1028.3,,moskow
2023-03-20,1.4,-6.4,8.1,0.0,,209.0,1.4,,1019.7,,moskow
2023-03-21,4.8,0.5,8.8,0.7,,228.0,2.3,,1011.1,,moskow
2023-03-22,4.4,2.3,6.1,0.0,,271.0,3.4,,1014.1,,moskow
2023-03-23,7.5,3.3,11.5,0.0,,200.0,4.0,,1011.7,,moskow
2023-03-24,7.4,5.4,8.8,5.7,,228.0,4.0,,1003.9,,moskow
2023-03-25,7.2,3.6,10.2,3.5,,211.0,2.9,,1002.2,,moskow
2023-03-26,6.0,4.7,7.3,12.4,,83.0,1.6,,999.9,,moskow
2023-03-27,5.7,3.5,8.6,0.7,,255.0,2.4,,1000.1,,moskow
2023-03-28,6.1,0.1,10.2,0.0,,134.0,4.3,,1009.0,,moskow
2023-03-29,6.6,4.4,8.4,3.0,,123.0,7.1,,1006.9,,moskow
2023-03-30,4.4,0.8,6.8,0.0,,277.0,4.0,,1010.8,,moskow
2023-03-31,1.2,-1.5,3.9,1.5,,2.0,5.4,,1007.9,,moskow
2023-04-01,4.2,0.3,8.4,2.5,,202.0,2.7,,1005.5,,moskow
2023-04-02,7.8,5.9,10.5,0.6,,154.0,5.3,,1011.7,,moskow
2023-04-03,9.4,6.2,13.4,0.4,,73.0,2.5,,1015.0,,moskow
2023-04-04,9.6,6.5,13.5,0.8,,6.0,3.6,,1016.0,,moskow
2023-04-05,8.2,3.4,12.9,0.0,,15.0,4.8,,1020.6,,moskow
2023-04-06,8.5,3.0,14.4,0.0,,46.0,5.4,,1024.6,,moskow
2023-04-07,6.8,1.5,11.4,0.0,,63.0,4.0,,1027.1,,moskow
2023-04-08,7.1,0.2,12.7,0.0,,91.0,3.0,,1028.3,,moskow
2023-04-09,9.1,3.0,14.1,0.0,,134.0,2.1,,1026.9,,moskow
2023-04-10,9.3,4.0,14.3,0.4,,79.0,2.0,,1025.9,,moskow
2023-04-11,10.0,4.1,15.5,1.2,,129.0,1.7,,1021.4,,moskow
2023-04-12,11.4,3.0,17.9,0.0,,85.0,2.3,,1017.0,,moskow
2023-04-13,11.7,6.2,17.6,0.0,,57.0,5.4,,1015.7,,moskow
2023-04-14,5.4,1.4,9.0,0.0,,56.0,7.6,,1022.7,,moskow
2023-04-15,4.4,-0.7,9.3,0.0,,96.0,5.0,,1030.9,,moskow
2023-04-16,7.9,0.6,12.9,0.0,,127.0,3.4,,1031.2,,moskow
2023-04-17,10.6,5.0,15.3,0.3,,176.0,1.9,,1028.3,,moskow
2023-04-18,10.7,6.5,14.0,0.1,,33.0,2.4,,1026.1,,moskow
2023-04-19,12.2,6.8,17.1,0.0,,52.0,4.6,,1026.2,,moskow
2023-04-20,11.4,4.4,16.9,0.0,,15.0,4.1,,1021.9,,moskow
2023-04-21,10.8,3.7,16.2,0.0,,13.0,5.0,,1015.9,,moskow
2023-04-22,11.1,4.8,16.0,0.0,,359.0,3.8,,1012.5,,moskow
2023-04-23,12.8,4.4,19.0,0.0,,272.0,1.8,,1015.5,,moskow
2023-04-24,14.9,6.2,21.6,0.0,,193.0,2.3,,1015.8,,moskow
2023-04-25,14.9,9.8,19.1,0.2,,120.0,3.3,,1012.3,,moskow
2023-04-26,12.2,10.2,15.8,8.9,,320.0,4.4,,1003.9,,moskow
2023-04-27,14.3,6.6,20.6,0.7,,195.0,2.0,,1010.0,,moskow
2023-04-28,11.8,7.4,15.8,9.7,,153.0,3.4,,1012.3,,moskow
2023-04-29,7.1,3.5,12.3,13.0,,340.0,5.8,,1017.1,,moskow
2023-04-30,7.8,1.4,13.1,6.0,,42.0,3.4,,1017.3,,moskow
2023-05-01,7.6,4.7,11.2,2.1,,321.0,5.1,,1011.4,,moskow
2023-05-02,9.4,1.4,15.0,0.0,,284.0,2.3,,1022.6,,moskow
2023-05-03,11.0,8.3,14.4,0.7,,222.0,3.3,,1019.7,,moskow
2023-05-04,9.6,3.9,14.7,0.0,,316.0,2.0,,1023.3,,moskow
2023-05-05,6.5,3.1,9.4,0.0,,334.0,5.5,,1021.8,,moskow
2023-05-06,3.2,-0.3,6.6,0.2,,322.0,6.2,,1024.9,,moskow
2023-05-07,4.1,-0.3,8.7,0.0,,323.0,4.8,,1029.2,,moskow
2023-05-08,6.3,-0.5,11.1,0.0,,345.0,2.5,,1032.3,,moskow
2023-05-09,8.0,0.3,14.1,0.0,,348.0,1.8,,1031.2,,moskow
2023-05-10,11.2,3.5,16.1,0.0,,349.0,2.1,,1025.2,,moskow
2023-05-11,12.8,7.6,18.4,1.1,,1.0,2.3,,1023.1,,moskow
2023-05-12,15.1,7.5,21.3,0.0,,342.0,2.7,,1021.7,,moskow
2023-05-13,16.5,9.5,22.4,0.0,,332.0,5.2,,1021.2,,moskow
2023-05-14,14.1,10.4,17.6,0.0,,16.0,5.2,,1023.7,,moskow
2023-05-15,13.8,5.6,20.0,0.0,,50.0,2.5,,1023.7,,moskow
2023-05-16,15.6,8.6,21.9,0.0,,120.0,3.3,,1022.4,,moskow
2023-05-17,17.8,9.3,24.4,0.0,,149.0,3.1,,1022.3,,moskow
2023-05-18,19.2,11.3,26.1,0.0,,200.0,2.9,,1021.1,,moskow
2023-05-19,14.2,10.9,17.2,2.2,,350.0,7.1,,1024.6,,moskow
2023-05-20,12.0,8.1,14.7,0.3,,349.0,7.2,,1027.0,,moskow
2023-05-21,12.9,10.0,17.4,0.1,,41.0,3.2,,1023.8,,moskow
2023-05-22,14.1,8.8,20.1,1.7,,49.0,1.6,,1022.9,,moskow
2023-05-23,15.9,11.1,20.0,1.2,,70.0,2.6,,1019.3,,moskow
2023-05-24,17.9,14.8,21.3,0.3,,41.0,2.1,,1015.7,,moskow
2023-05-25,17.1,13.6,20.7,2.3,,17.0,2.2,,1015.5,,moskow
2023-05-26,19.4,12.6,24.7,0.0,,333.0,1.8,,1013.9,,moskow
2023-05-27,17.4,13.3,20.9,0.0,,335.0,6.1,,1014.9,,moskow
2023-05-28,12.5,9.6,16.4,2.0,,327.0,7.1,,1017.3,,moskow
2023-05-29,15.6,8.9,21.0,0.0,,290.0,2.0,,1019.5,,moskow
2023-05-30,17.0,10.0,22.2,0.0,,45.0,1.1,,1016.6,,moskow
2023-05-31,11.9,10.4,13.2,9.8,,318.0,4.8,,1013.1,,moskow
2023-06-01,15.6,6.4,21.6,0.0,,243.0,2.1,,1010.8,,moskow
2023-06-02,16.4,11.7,24.1,0.0,,31.0,2.5,,1009.5,,moskow
2023-06-03,9.3,6.5,13.6,8.8,,335.0,5.6,,1012.0,,moskow
2023-06-04,10.7,5.8,14.9,0.0,,284.0,2.8,,1020.3,,moskow
2023-06-05,13.0,9.3,16.4,0.6,,263.0,2.3,,1019.9,,moskow
2023-06-06,15.3,9.2,20.4,0.0,,300.0,2.6,,1020.0,,moskow
2023-06-07,17.5,11.6,22.9,0.4,,297.0,2.6,,1018.6,,moskow
2023-06-08,17.4,11.2,23.0,0.0,,349.0,2.1,,1018.4,,moskow
2023-06-09,18.3,13.0,23.6,0.1,,311.0,4.2,,1016.2,,moskow
2023-06-10,13.3,10.3,15.7,0.0,,18.0,6.4,,1023.7,,moskow
2023-06-11,12.5,7.2,16.5,0.0,,32.0,5.4,,1028.8,,moskow
2023-06-12,14.7,8.3,19.5,0.0,,42.0,4.9,,1027.5,,moskow
2023-06-13,16.4,9.5,21.4,0.0,,60.0,3.7,,1023.9,,moskow
2023-06-14,18.7,10.2,24.1,0.0,,29.0,3.5,,1019.7,,moskow
2023-06-15,20.4,11.3,26.4,0.0,,29.0,3.2,,1017.7,,moskow
2023-06-16,21.7,13.8,27.3,0.0,,11.0,3.2,,1013.9,,moskow
2023-06-17,21.4,14.2,26.3,0.0,,25.0,3.6,,1013.7,,moskow
2023-06-18,19.7,14.3,23.8,0.0,,36.0,3.2,,1017.2,,moskow
2023-06-19,17.8,13.0,21.8,0.0,,34.0,4.1,,1017.5,,moskow
2023-06-20,18.2,12.2,23.3,0.6,,346.0,5.0,,1013.8,,moskow
2023-06-21,16.4,9.1,21.5,0.0,,6.0,4.4,,1017.6,,moskow
2023-06-22,18.7,10.7,25.3,0.0,,38.0,2.0,,1016.2,,moskow
2023-06-23,17.2,13.2,20.1,14.9,,89.0,2.2,,1010.5,,moskow
2023-06-24,17.0,14.9,19.2,0.1,,348.0,4.6,,1011.4,,moskow
2023-06-25,18.1,11.5,23.0,0.0,,100.0,1.7,,1015.4,,moskow
2023-06-26,20.0,14.9,24.6,0.1,,56.0,2.5,,1013.8,,moskow
2023-06-27,19.1,15.7,23.4,0.0,,93.0,3.0,,1010.8,,moskow
2023-06-28,17.8,14.3,21.7,3.0,,97.0,3.1,,1008.4,,moskow
2023-06-29,17.0,14.5,19.9,10.9,,117.0,3.2,,1002.9,,moskow
2023-06-30,15.8,13.7,18.1,12.2,,50.0,2.5,,999.1,,moskow
2023-07-01,19.5,13.9,25.2,1.2,,305.0,4.2,,997.0,,moskow
2023-07-02,20.1,17.1,23.6,0.6,,288.0,2.8,,1000.1,,moskow
2023-07-03,20.2,15.8,24.0,1.9,,266.0,3.5,,1005.1,,moskow
2023-07-04,20.7,14.3,25.7,0.0,,248.0,1.7,,1014.5,,moskow
2023-07-05,21.5,15.9,25.3,0.6,,254.0,1.6,,1017.3,,moskow
2023-07-06,23.4,16.3,28.6,0.0,,125.0,1.8,,1019.0,,moskow
2023-07-07,23.4,19.9,26.5,19.8,,163.0,2.3,,1015.5,,moskow
2023-07-08,20.0,17.3,22.8,6.8,,345.0,3.8,,1014.3,,moskow
2023-07-09,19.8,13.9,24.5,0.0,,354.0,4.8,,1011.6,,moskow
2023-07-10,17.5,15.0,20.2,0.4,,350.0,10.2,,1009.7,,moskow
2023-07-11,14.6,12.6,16.9,1.8,,346.0,7.6,,1010.4,,moskow
2023-07-12,13.7,11.5,16.5,0.4,,306.0,4.0,,1008.6,,moskow
2023-07-13,14.3,12.1,17.6,10.6,,276.0,2.9,,1006.6,,moskow
2023-07-14,15.7,13.2,18.9,1.4,,340.0,2.6,,1008.3,,moskow
2023-07-15,16.1,14.5,18.7,6.7,,338.0,3.5,,1011.0,,moskow
2023-07-16,18.6,14.4,23.2,0.3,,339.0,4.7,,1014.4,,moskow
2023-07-17,21.2,14.7,26.8,0.0,,338.0,2.1,,1014.5,,moskow
2023-07-18,20.8,17.1,26.8,19.5,,266.0,1.1,,1005.9,,moskow
2023-07-19,16.5,14.0,19.5,6.6,,284.0,6.0,,998.6,,moskow
2023-07-20,17.1,13.3,20.9,0.1,,281.0,4.4,,1003.2,,moskow
2023-07-21,17.2,12.8,21.0,0.0,,287.0,2.4,,1006.2,,moskow
2023-07-22,18.2,13.5,23.1,0.0,,266.0,2.5,,1010.1,,moskow
2023-07-23,17.6,14.4,20.7,7.5,,244.0,2.3,,1009.5,,moskow
2023-07-24,16.0,13.2,18.1,2.0,,240.0,1.9,,1007.9,,moskow
2023-07-25,19.1,13.3,23.9,0.3,,270.0,1.4,,1004.4,,moskow
2023-07-26,20.7,17.6,24.0,5.9,,155.0,2.5,,1000.2,,moskow
2023-07-27,20.5,16.8,24.2,0.0,,63.0,2.7,,1004.5,,moskow
2023-07-28,20.4,16.8,23.3,15.9,,220.0,2.7,,1001.8,,moskow
2023-07-29,15.9,14.4,17.3,9.3,,340.0,4.9,,1005.9,,moskow
2023-07-30,18.0,12.8,23.4,0.1,,329.0,4.0,,1007.0,,moskow
2023-07-31,19.7,13.2,25.2,0.0,,307.0,1.9,,1008.8,,moskow
2023-08-01,21.2,15.1,26.5,0.0,,79.0,1.6,,1010.4,,moskow
2023-08-02,21.3,16.5,26.3,0.3,,112.0,2.3,,1010.1,,moskow
2023-08-03,23.1,18.1,27.9,0.1,,132.0,2.3,,1008.8,,moskow
2023-08-04,23.9,19.6,28.1,0.1,,231.0,2.0,,1010.8,,moskow
2023-08-05,23.7,17.1,29.3,0.0,,283.0,1.4,,1017.4,,moskow
2023-08-06,25.6,19.1,31.7,0.0,,112.0,2.4,,1017.7,,moskow
2023-08-07,25.5,19.7,30.1,0.0,,110.0,5.0,,1013.1,,moskow
2023-08-08,22.8,19.8,26.0,0.4,,108.0,3.3,,1009.1,,moskow
2023-08-09,20.9,18.0,24.4,2.6,,320.0,3.4,,1013.1,,moskow
2023-08-10,20.2,15.3,24.9,0.0,,343.0,3.3,,1021.9,,moskow
2023-08-11,20.5,15.3,25.4,2.4,,70.0,2.0,,1021.8,,moskow
2023-08-12,21.2,19.2,24.3,2.9,,96.0,3.0,,1017.0,,moskow
2023-08-13,19.2,17.2,22.0,4.9,,133.0,3.2,,1014.2,,moskow
2023-08-14,19.5,17.1,23.1,0.5,,274.0,2.4,,1016.5,,moskow
2023-08-15,20.9,15.9,25.5,0.1,,326.0,3.5,,1020.8,,moskow
2023-08-16,20.8,14.9,26.0,0.0,,350.0,3.4,,1023.7,,moskow
2023-08-17,21.5,14.8,27.7,0.0,,3.0,2.4,,1023.4,,moskow
2023-08-18,21.7,16.3,26.7,1.0,,358.0,1.9,,1024.0,,moskow
2023-08-19,22.0,17.7,27.3,0.0,,16.0,2.8,,1024.6,,moskow
2023-08-20,20.8,18.0,25.7,8.3,,357.0,2.1,,1018.7,,moskow
2023-08-21,17.5,13.4,21.4,0.0,,15.0,4.7,,1016.9,,moskow
2023-08-22,16.1,11.8,19.7,0.5,,20.0,1.1,,1011.7,,moskow
2023-08-23,15.7,12.8,19.6,4.8,,318.0,1.7,,1009.9,,moskow
2023-08-24,14.2,11.5,16.5,0.5,,9.0,2.7,,1012.7,,moskow
2023-08-25,14.3,9.0,19.3,0.0,,3.0,1.2,,1015.8,,moskow
2023-08-26,14.4,9.3,19.1,0.0,,183.0,1.1,,1015.7,,moskow
2023-08-27,16.3,12.1,21.2,0.0,,336.0,2.4,,1011.4,,moskow
2023-08-28,16.1,11.1,20.4,0.0,,28.0,1.9,,1011.8,,moskow
2023-08-29,14.3,10.7,17.5,0.3,,119.0,1.5,,1014.0,,moskow
2023-08-30,16.9,13.1,21.7,0.0,,37.0,2.2,,1015.3,,moskow
2023-08-31,19.2,13.2,25.3,0.0,,126.0,2.7,,1015.5,,moskow
2023-09-01,20.8,14.7,26.7,0.0,,126.0,2.1,,1015.2,,moskow
2023-09-02,17.6,14.5,20.8,5.1,,9.0,0.7,,1016.5,,moskow
2023-09-03,17.1,13.4,21.7,0.0,,337.0,1.3,,1019.8,,moskow
2023-09-04,16.2,11.2,21.9,0.3,,339.0,2.3,,1022.0,,moskow
2023-09-05,16.3,10.4,22.5,0.0,,322.0,1.4,,1023.1,,moskow
2023-09-06,16.4,12.4,20.7,0.1,,291.0,4.0,,1016.4,,moskow
2023-09-07,12.6,9.0,16.7,0.0,,324.0,7.1,,1022.5,,moskow
2023-09-08,12.0,10.0,14.1,0.7,,330.0,6.4,,1018.2,,moskow
2023-09-09,12.1,7.4,15.8,0.0,,349.0,5.9,,1022.2,,moskow
2023-09-10,13.8,10.2,18.2,0.0,,355.0,2.9,,1022.5,,moskow
2023-09-11,13.5,8.5,19.7,0.0,,22.0,1.0,,1019.2,,moskow
2023-09-12,13.5,7.3,19.4,0.0,,65.0,0.9,,1021.1,,moskow
2023-09-13,13.5,7.5,19.6,0.0,,102.0,1.2,,1022.4,,moskow
2023-09-14,13.9,7.6,19.8,0.0,,125.0,1.7,,1020.5,,moskow
2023-09-15,14.2,8.6,20.0,0.3,,55.0,0.9,,1020.9,,moskow
2023-09-16,12.2,7.3,14.6,0.0,,348.0,3.8,,1027.1,,moskow
2023-09-17,11.3,4.7,17.5,0.0,,160.0,1.0,,1027.7,,moskow
2023-09-18,13.1,9.4,16.9,0.0,,315.0,2.1,,1021.6,,moskow
2023-09-19,13.8,8.0,19.6,0.0,,119.0,1.7,,1019.5,,moskow
2023-09-20,18.1,12.4,24.4,0.0,,179.0,2.3,,1016.0,,moskow
2023-09-21,17.8,15.2,20.5,0.0,,225.0,1.2,,1018.8,,moskow
2023-09-22,18.2,13.3,24.6,0.0,,136.0,1.3,,1023.9,,moskow
2023-09-23,17.6,11.8,24.4,0.0,,146.0,2.5,,1024.7,,moskow
2023-09-24,18.8,12.2,24.2,0.0,,159.0,2.3,,1023.0,,moskow
2023-09-25,15.9,10.0,21.0,3.9,,338.0,3.5,,1027.9,,moskow
2023-09-26,11.9,7.0,17.9,0.0,,5.0,0.5,,1033.1,,moskow
2023-09-27,12.6,6.4,19.8,0.0,,322.0,0.7,,1030.9,,moskow
2023-09-28,14.7,7.9,22.0,0.0,,256.0,1.1,,1027.0,,moskow
2023-09-29,16.8,10.5,23.3,0.0,,290.0,0.9,,1023.0,,moskow
2023-09-30,16.4,9.8,22.4,0.0,,231.0,1.2,,1017.5,,moskow
2023-10-01,14.2,10.8,17.1,1.3,,260.0,2.7,,1012.0,,moskow
2023-10-02,11.0,8.8,13.5,0.0,,307.0,2.2,,1015.1,,moskow
2023-10-03,12.0,8.0,15.3,0.0,,240.0,2.2,,1017.5,,moskow
2023-10-04,14.5,12.2,17.8,2.7,,201.0,5.1,,1008.6,,moskow
2023-10-05,11.3,8.8,13.8,0.2,,253.0,2.8,,1011.8,,moskow
2023-10-06,9.2,4.3,11.5,6.4,,225.0,5.1,,1004.3,,moskow
2023-10-07,4.9,0.3,9.3,10.1,,211.0,3.9,,996.1,,moskow
2023-10-08,4.4,1.6,7.5,6.1,,272.0,6.9,,984.1,,moskow
2023-10-09,3.2,1.8,4.4,0.9,,305.0,7.2,,998.3,,moskow
2023-10-10,2.5,1.6,4.4,1.8,,309.0,5.4,,1011.6,,moskow
2023-10-11,3.8,-1.5,7.4,0.0,,223.0,3.3,,1019.4,,moskow
2023-10-12,9.4,5.5,12.1,3.0,,209.0,5.6,,1002.3,,moskow
2023-10-13,9.7,7.4,12.0,0.0,,268.0,4.7,,1008.2,,moskow
2023-10-14,10.3,5.9,14.6,4.6,,181.0,3.4,,1008.5,,moskow
2023-10-15,11.8,8.9,14.7,6.2,,223.0,3.0,,1002.2,,moskow
2023-10-16,7.4,5.5,9.3,3.7,,307.0,1.9,,1002.7,,moskow
2023-10-17,3.9,2.2,5.6,1.8,,295.0,6.3,,1003.2,,moskow
2023-10-18,5.0,3.7,6.3,3.4,,264.0,2.8,,1007.0,,moskow
2023-10-19,5.5,4.9,5.9,3.1,,105.0,0.9,,1007.5,,moskow
2023-10-20,4.6,3.7,5.7,0.6,,48.0,2.5,,1011.7,,moskow
2023-10-21,2.2,-1.1,3.9,0.0,,25.0,4.6,,1019.5,,moskow
2023-10-22,1.8,-1.3,4.3,0.5,,129.0,2.5,,1020.9,,moskow
2023-10-23,4.5,2.7,6.2,9.5,,65.0,3.5,,1004.8,,moskow
2023-10-24,1.4,-0.3,2.8,0.8,,349.0,7.3,,1011.3,,moskow
2023-10-25,-0.9,-2.6,0.4,0.0,,49.0,2.4,,1019.3,,moskow
2023-10-26,-1.1,-2.4,-0.0,0.0,,114.0,5.5,,1017.1,,moskow
2023-10-27,-1.3,-2.5,-0.7,5.9,,113.0,5.1,,1006.4,,moskow
2023-10-28,-0.2,-1.0,0.5,2.9,,55.0,4.1,,997.3,,moskow
2023-10-29,0.4,-0.1,0.9,0.2,,313.0,5.3,,1005.4,,moskow
2023-10-30,2.1,-0.5,7.9,7.3,,188.0,2.8,,1011.2,,moskow
2023-10-31,8.6,7.2,10.6,0.0,,217.0,2.7,,1012.2,,moskow
2023-11-01,12.2,8.9,15.9,0.0,,161.0,3.3,,1005.9,,moskow
2023-11-02,8.1,3.1,13.4,3.1,,319.0,6.2,,1004.1,,moskow
2023-11-03,3.2,1.5,5.9,0.0,,229.0,2.2,,1015.9,,moskow
2023-11-04,3.5,1.1,6.8,1.3,,139.0,6.1,,1015.2,,moskow
2023-11-05,9.7,5.7,12.7,1.6,,145.0,8.5,,1002.9,,moskow
2023-11-06,10.0,8.3,11.1,7.0,,159.0,4.6,,996.9,,moskow
2023-11-07,9.2,8.1,10.0,1.1,,243.0,3.9,,1002.7,,moskow
2023-11-08,7.7,5.2,9.1,0.4,,257.0,2.6,,1010.2,,moskow
2023-11-09,5.8,4.2,7.8,0.1,,341.0,2.6,,1009.8,,moskow
2023-11-10,6.1,5.3,7.1,0.0,,269.0,2.5,,1016.6,,moskow
2023-11-11,5.8,4.7,7.9,0.0,,166.0,4.3,,1016.7,,moskow
2023-11-12,4.5,3.4,7.9,8.7,,116.0,6.6,,1002.5,,moskow
2023-11-13,5.1,3.3,8.1,6.6,,200.0,5.0,,994.2,,moskow
2023-11-14,3.6,2.2,4.9,5.3,,237.0,4.2,,1000.6,,moskow
2023-11-15,2.6,1.5,3.8,0.0,,334.0,1.4,,1003.5,,moskow
2023-11-16,0.8,-0.8,2.7,0.7,,357.0,3.8,,1010.2,,moskow
2023-11-17,-3.2,-5.0,-1.5,0.0,,8.0,5.4,,1020.7,,moskow
2023-11-18,-6.0,-8.5,-3.9,0.0,,14.0,1.3,,1027.2,,moskow
2023-11-19,-6.7,-8.4,-5.3,0.0,,148.0,1.6,,1024.5,,moskow
2023-11-20,-6.9,-8.0,-5.8,0.0,,44.0,4.2,,1018.1,,moskow
2023-11-21,-8.1,-8.8,-7.3,0.0,,344.0,8.6,,1014.4,,moskow
2023-11-22,-8.3,-9.3,-7.6,0.1,,329.0,7.1,,1017.9,,moskow
2023-11-23,-7.4,-8.3,-6.5,1.7,,221.0,4.5,,1004.7,,moskow
2023-11-24,-6.2,-7.3,-5.3,3.0,,97.0,3.9,,978.9,,moskow
2023-11-25,-5.9,-7.2,-4.1,3.2,,17.0,2.4,,992.6,,moskow
2023-11-26,-4.1,-5.2,-2.7,1.1,,59.0,3.6,,1003.5,,moskow
2023-11-27,-1.1,-5.3,2.4,18.7,,74.0,7.3,,988.4,,moskow
2023-11-28,-3.3,-5.6,-0.7,0.0,,170.0,5.5,,1000.2,,moskow
2023-11-29,-4.6,-7.3,-2.0,1.0,,127.0,5.4,,1013.1,,moskow
2023-11-30,-2.2,-4.1,-0.1,4.4,,144.0,5.6,,1005.0,,moskow
2023-12-01,-4.0,-5.1,-3.0,2.4,,150.0,3.7,,1007.0,,moskow
2023-12-02,-4.4,-6.0,-3.1,0.0,,310.0,1.3,,1008.1,,moskow
2023-12-03,-5.2,-6.6,-3.5,8.8,,88.0,4.2,,1010.2,,moskow
2023-12-04,-7.1,-8.6,-6.3,0.7,,298.0,4.6,,1011.3,,moskow
2023-12-05,-10.0,-12.7,-8.0,0.0,,287.0,1.5,,1021.7,,moskow
2023-12-06,-9.8,-12.2,-8.6,0.0,,46.0,1.3,,1031.6,,moskow
2023-12-07,-10.5,-12.3,-9.2,0.0,,93.0,2.7,,1039.1,,moskow
2023-12-08,-13.0,-14.3,-11.8,0.0,,102.0,4.6,,1039.9,,moskow
2023-12-09,-14.2,-15.2,-13.1,1.4,,105.0,5.5,,1035.4,,moskow
2023-12-10,-11.7,-13.8,-9.2,0.6,,116.0,5.5,,1029.7,,moskow
2023-12-11,-7.6,-9.0,-6.6,1.2,,138.0,6.7,,1025.1,,moskow
2023-12-12,-6.6,-8.1,-5.9,3.2,,142.0,7.5,,1019.9,,moskow
2023-12-13,-10.2,-11.5,-8.6,1.6,,144.0,7.6,,1022.2,,moskow
2023-12-14,-10.5,-11.5,-9.5,5.4,,132.0,6.3,,1023.4,,moskow
2023-12-15,-8.1,-9.6,-6.8,11.8,,98.0,4.1,,1013.2,,moskow
2023-12-16,-7.3,-11.4,-3.3,0.0,,277.0,3.5,,1020.3,,moskow
2023-12-17,-1.1,-3.9,1.6,2.4,,240.0,4.8,,1011.1,,moskow
2023-12-18,0.9,-1.4,2.9,0.0,,271.0,4.1,,1009.1,,moskow
2023-12-19,3.0,1.8,4.2,1.5,,234.0,4.6,,1004.8,,moskow
2023-12-20,3.5,2.5,4.1,0.6,,245.0,3.8,,999.1,,moskow
2023-12-21,1.6,0.3,2.4,6.6,,196.0,2.2,,995.8,,moskow
2023-12-22,0.8,-0.1,1.6,0.0,,153.0,6.7,,991.3,,moskow
2023-12-23,1.7,0.7,2.6,2.7,,139.0,4.3,,985.3,,moskow
2023-12-24,-0.3,-1.3,0.5,3.0,,260.0,1.9,,987.2,,moskow
2023-12-25,-1.0,-1.6,-0.3,0.5,,201.0,3.4,,992.1,,moskow
2023-12-26,-0.6,-1.9,0.7,1.5,,252.0,3.6,,989.8,,moskow
2023-12-27,-1.7,-2.9,-0.5,0.1,,313.0,1.8,,999.2,,moskow
2023-12-28,-2.4,-3.8,-1.5,0.0,,282.0,3.9,,1011.2,,moskow
2023-12-29,-1.3,-4.1,2.0,1.4,,220.0,2.6,,1004.5,,moskow
2023-12-30,2.4,1.6,3.0,8.6,,240.0,2.8,,999.7,,moskow
2023-12-31,-0.7,-8.8,2.3,1.0,,300.0,4.9,,1000.0,,moskow
2023-01-01,-9.6,-13.2,-6.0,0.0,51.0,318.0,9.6,,1023.8,,vladivostok
2023-01-02,-10.7,-13.7,-8.5,0.0,51.0,291.0,6.8,,1026.4,,vladivostok
2023-01-03,-9.8,-12.6,-6.3,0.0,41.0,339.0,9.9,,1023.8,,vladivostok
2023-01-04,-8.6,-12.3,-6.6,0.0,41.0,348.0,11.4,,1025.7,,vladivostok
2023-01-05,-17.4,-28.1,-6.1,0.0,,348.0,5.9,,1026.4,,vladivostok
2023-01-06,-8.0,-12.4,-2.9,0.0,41.0,18.0,3.6,,1021.7,,vladivostok
2023-01-07,-11.9,-14.9,-9.2,0.0,41.0,307.0,12.3,,1019.0,,vladivostok
2023-01-08,-14.8,-25.1,-5.1,0.0,,4.0,4.7,,1021.8,,vladivostok
2023-01-09,-7.9,-11.6,-4.6,0.0,41.0,338.0,13.2,,1022.2,,vladivostok
2023-01-10,-4.4,-13.2,-4.1,0.0,41.0,76.0,9.5,,1026.2,,vladivostok
2023-01-11,-5.5,-14.1,3.9,0.0,,59.0,5.1,,1019.4,,vladivostok
2023-01-12,1.8,-3.0,4.3,0.0,41.0,53.0,6.2,,1019.8,,vladivostok
2023-01-13,-2.5,-10.5,4.8,0.0,10.0,21.0,9.5,,1015.5,,vladivostok
2023-01-14,-16.9,-20.8,-10.5,0.0,20.0,24.0,29.3,,1025.7,,vladivostok
2023-01-15,-19.7,-21.4,-16.9,0.0,10.0,357.0,16.7,,1025.3,,vladivostok
2023-01-16,-18.8,-29.1,-11.1,0.0,,347.0,8.9,,1024.2,,vladivostok
2023-01-17,-17.8,-28.1,-5.1,0.0,,54.0,6.3,,1024.0,,vladivostok
2023-01-18,-8.2,-12.2,-6.1,0.0,,284.0,5.6,,1024.7,,vladivostok
2023-01-19,-4.4,-10.1,-0.7,0.0,10.0,32.0,8.1,,1018.3,,vladivostok
2023-01-20,-14.4,-17.2,-10.1,0.0,10.0,352.0,16.1,,1018.8,,vladivostok
2023-01-21,-17.4,-20.9,-14.2,0.0,10.0,329.0,8.1,,1030.5,,vladivostok
2023-01-22,-20.8,-22.9,-17.6,0.0,10.0,325.0,13.6,,1030.3,,vladivostok
2023-01-23,-22.4,-26.5,-17.4,0.0,10.0,346.0,19.7,,1027.5,,vladivostok
2023-01-24,-22.6,-26.7,-20.7,0.0,10.0,11.0,16.4,,1024.7,,vladivostok
2023-01-25,-21.1,-30.1,-13.1,0.0,,324.0,8.9,,1022.8,,vladivostok
2023-01-26,-17.4,-20.8,-12.2,0.0,10.0,347.0,8.0,,1023.6,,vladivostok
2023-01-27,-18.6,-22.2,-14.3,0.0,,347.0,13.8,,1020.4,,vladivostok
2023-01-28,-16.5,-19.1,-13.5,0.0,10.0,334.0,8.4,,1016.9,,vladivostok
2023-01-29,-15.0,-20.4,-11.1,0.0,10.0,347.0,6.2,,1017.3,,vladivostok
2023-01-30,-11.7,-18.0,-8.8,0.0,10.0,338.0,9.3,,1019.0,,vladivostok
2023-01-31,-7.9,-12.5,-4.6,0.8,30.0,25.0,5.1,,1017.0,,vladivostok
2023-02-01,-9.2,-11.7,-6.0,1.9,30.0,336.0,13.7,,1014.5,,vladivostok
2023-02-02,-9.4,-12.6,-6.0,0.0,30.0,318.0,11.6,,1024.1,,vladivostok
2023-02-03,-9.4,-12.8,-6.7,0.0,30.0,348.0,4.5,,1024.3,,vladivostok
2023-02-04,-6.5,-11.0,-4.3,0.0,20.0,29.0,6.9,,1020.8,,vladivostok
2023-02-05,-3.8,-8.2,0.5,0.0,20.0,47.0,6.7,,1019.6,,vladivostok
2023-02-06,-8.1,-11.1,-4.5,0.0,10.0,323.0,8.7,,1022.0,,vladivostok
2023-02-07,-12.3,-24.1,-1.1,0.0,,273.0,5.7,,1024.4,,vladivostok
2023-02-08,-7.9,-12.2,-3.6,0.0,20.0,7.0,8.4,,1024.8,,vladivostok
2023-02-09,-12.2,-24.1,-3.1,0.0,,1.0,6.6,,1032.2,,vladivostok
2023-02-10,-7.1,-16.1,-2.1,1.0,,72.0,6.5,,1023.8,,vladivostok
2023-02-11,-0.9,-2.1,0.7,0.7,41.0,139.0,7.5,,1021.2,,vladivostok
2023-02-12,-5.2,-9.5,-1.7,0.3,30.0,23.0,12.0,,1024.2,,vladivostok
2023-02-13,-8.0,-11.1,-4.8,0.0,20.0,358.0,11.1,,1023.4,,vladivostok
2023-02-14,-11.3,-14.8,-8.1,0.0,20.0,357.0,18.2,,1024.5,,vladivostok
2023-02-15,-12.0,-15.3,-9.3,0.0,10.0,3.0,12.2,,1033.2,,vladivostok
2023-02-16,-13.2,-26.1,0.9,0.0,,70.0,6.9,,1028.7,,vladivostok
2023-02-17,-3.6,-9.1,1.9,0.0,,109.0,5.7,,1021.7,,vladivostok
2023-02-18,-2.2,-6.8,1.1,1.0,10.0,58.0,7.2,,1019.6,,vladivostok
2023-02-19,-6.5,-8.4,-3.2,0.0,10.0,4.0,12.5,,1013.3,,vladivostok
2023-02-20,-7.6,-10.1,-4.6,0.0,10.0,359.0,10.8,,1020.2,,vladivostok
2023-02-21,-6.3,-10.5,-3.7,0.0,10.0,338.0,12.2,,1031.0,,vladivostok
2023-02-22,-2.7,-3.7,-1.3,0.0,10.0,57.0,7.4,,1027.7,,vladivostok
2023-02-23,-1.2,-4.3,3.9,0.0,20.0,36.0,6.8,,1019.5,,vladivostok
2023-02-24,-5.8,-9.3,-3.3,0.0,10.0,351.0,14.3,,1022.5,,vladivostok
2023-02-25,-4.5,-9.8,-2.5,0.0,10.0,338.0,12.8,,1028.0,,vladivostok
2023-02-26,-6.1,-18.1,4.9,0.0,,284.0,7.2,,1030.1,,vladivostok
2023-02-27,1.8,0.0,6.5,0.0,,57.0,9.3,,1025.8,,vladivostok
2023-02-28,3.8,-1.1,9.4,0.0,,52.0,9.9,,1015.3,,vladivostok
2023-03-01,-1.2,-4.2,2.7,0.0,10.0,344.0,11.9,,1018.6,,vladivostok
2023-03-02,-1.6,-5.1,1.9,0.0,,346.0,10.2,,1020.3,,vladivostok
2023-03-03,-2.1,-3.7,4.6,0.0,,33.0,12.7,,1020.7,,vladivostok
2023-03-04,-1.6,-9.1,5.9,0.0,,286.0,9.3,,1029.6,,vladivostok
2023-03-05,0.3,-7.1,5.9,0.0,,127.0,11.7,,1025.2,,vladivostok
2023-03-06,2.8,-0.2,7.9,0.0,,128.0,8.4,,1015.3,,vladivostok
2023-03-07,5.7,1.6,10.4,0.0,,134.0,8.6,,1014.5,,vladivostok
2023-03-08,2.0,-0.8,6.0,0.0,,25.0,15.0,,1016.6,,vladivostok
2023-03-09,1.1,0.5,2.2,0.3,,238.0,8.1,,1016.7,,vladivostok
2023-03-10,1.0,0.1,2.4,0.0,,180.0,11.7,,1020.2,,vladivostok
2023-03-11,1.6,0.5,2.4,4.0,10.0,244.0,10.7,,1025.6,,vladivostok
2023-03-12,-3.3,-5.7,0.6,19.1,290.0,345.0,14.7,,1019.9,,vladivostok
2023-03-13,-2.9,-8.1,0.9,0.3,,344.0,16.4,,1013.2,,vladivostok
2023-03-14,1.8,-4.6,4.9,0.0,239.0,88.0,12.0,,1016.4,,vladivostok
2023-03-15,2.0,-0.3,4.3,0.8,239.0,146.0,12.9,,1014.4,,vladivostok
2023-03-16,1.0,-0.8,4.4,0.0,231.0,268.0,11.4,,1021.5,,vladivostok
2023-03-17,2.1,-0.7,5.6,0.0,170.0,238.0,12.6,,1021.7,,vladivostok
2023-03-18,1.1,-6.1,9.9,0.0,,58.0,7.2,,1016.4,,vladivostok
2023-03-19,5.8,1.2,10.2,0.0,109.0,51.0,7.7,,1014.5,,vladivostok
2023-03-20,5.5,2.3,12.4,0.0,99.0,74.0,8.6,,1012.2,,vladivostok
2023-03-21,3.3,-4.1,12.9,0.0,,154.0,7.8,,1010.9,,vladivostok
2023-03-22,5.2,-1.1,13.9,0.1,,178.0,12.9,,1012.0,,vladivostok
2023-03-23,5.6,-1.2,13.3,0.0,10.0,340.0,10.8,,1010.5,,vladivostok
2023-03-24,1.7,-1.4,5.2,0.0,,9.0,15.0,,1018.8,,vladivostok
2023-03-25,2.6,-2.1,6.9,0.0,,342.0,8.4,,1021.3,,vladivostok
2023-03-26,3.0,0.2,6.3,0.0,,275.0,7.5,,1018.0,,vladivostok
2023-03-27,4.3,1.5,8.8,0.0,,334.0,8.1,,1018.3,,vladivostok
2023-03-28,2.8,0.4,6.4,0.0,,174.0,10.5,,1022.1,,vladivostok
2023-03-29,4.5,-1.1,11.9,0.0,,123.0,11.7,,1020.0,,vladivostok
2023-03-30,5.6,0.9,12.9,0.4,,121.0,7.2,,1013.4,,vladivostok
2023-03-31,11.2,5.7,17.8,0.0,,349.0,9.5,,1016.3,,vladivostok
2023-04-01,6.5,3.5,10.8,0.0,,262.0,13.2,,1019.7,,vladivostok
2023-04-02,4.3,3.0,7.5,0.0,,185.0,12.6,,1023.9,,vladivostok
2023-04-03,4.5,3.9,5.8,0.5,,156.0,11.6,,1024.8,,vladivostok
2023-04-04,11.2,5.9,16.9,0.0,,19.0,11.6,,1021.8,,vladivostok
2023-04-05,6.3,3.0,10.3,17.0,,337.0,6.9,,1016.9,,vladivostok
2023-04-06,6.5,4.9,7.9,16.3,,348.0,15.3,,1005.3,,vladivostok
2023-04-07,5.9,0.2,11.9,0.0,,49.0,8.7,,1006.1,,vladivostok
2023-04-08,3.8,0.0,7.1,0.0,,331.0,13.4,,1009.4,,vladivostok
2023-04-09,6.0,3.6,9.0,0.0,,141.0,11.6,,1011.2,,vladivostok
2023-04-10,7.6,5.5,11.1,0.0,,101.0,9.0,,1005.8,,vladivostok
2023-04-11,6.8,3.1,11.7,0.0,,149.0,15.0,,999.1,,vladivostok
2023-04-12,7.8,5.6,11.0,0.0,,298.0,18.1,,1004.3,,vladivostok
2023-04-13,7.7,3.4,10.5,0.0,,86.0,8.1,,1008.4,,vladivostok
2023-04-14,8.7,5.8,15.1,0.0,,304.0,12.9,,1013.2,,vladivostok
2023-04-15,5.8,2.6,8.4,2.0,,326.0,7.8,,1010.0,,vladivostok
2023-04-16,4.5,2.5,7.9,3.3,,332.0,11.7,,1004.9,,vladivostok
2023-04-17,7.4,4.7,12.8,0.0,,328.0,12.5,,1012.3,,vladivostok
2023-04-18,6.1,3.0,9.9,1.4,,113.0,11.4,,1011.0,,vladivostok
2023-04-19,9.9,6.9,15.2,2.0,,167.0,8.7,,1009.4,,vladivostok
2023-04-20,11.6,6.7,18.9,0.0,,205.0,17.3,,1001.8,,vladivostok
2023-04-21,8.6,5.4,11.4,0.0,,323.0,22.1,,1011.6,,vladivostok
2023-04-22,9.2,5.8,13.5,0.0,,330.0,16.8,,1018.7,,vladivostok
2023-04-23,8.5,5.6,11.8,0.0,,322.0,20.4,,1022.3,,vladivostok
2023-04-24,8.7,4.3,14.4,0.0,,342.0,13.2,,1022.9,,vladivostok
2023-04-25,6.0,4.6,8.8,22.1,,141.0,20.3,,1015.6,,vladivostok
2023-04-26,7.7,2.9,12.1,3.0,,40.0,14.3,,1009.5,,vladivostok
2023-04-27,7.3,6.0,10.6,0.5,,134.0,13.7,,1014.3,,vladivostok
2023-04-28,10.8,7.0,16.6,0.0,,102.0,8.6,,1012.5,,vladivostok
2023-04-29,6.7,5.3,9.1,26.9,,272.0,9.2,,1005.7,,vladivostok
2023-04-30,9.3,6.6,12.2,0.0,,298.0,13.8,,996.2,,vladivostok
2023-05-01,12.0,7.9,17.0,0.0,,343.0,13.1,,1009.3,,vladivostok
2023-05-02,11.1,8.5,14.7,0.0,,126.0,16.1,,1018.1,,vladivostok
2023-05-03,11.1,8.7,15.3,0.0,,140.0,10.2,,1014.7,,vladivostok
2023-05-04,16.9,11.2,25.5,0.0,,98.0,8.7,,1011.6,,vladivostok
2023-05-05,11.4,8.0,15.5,1.3,,359.0,14.0,,1009.5,,vladivostok
2023-05-06,13.1,7.6,18.4,0.0,,10.0,17.6,,1012.3,,vladivostok
2023-05-07,12.6,6.8,18.3,0.0,,325.0,12.2,,1014.9,,vladivostok
2023-05-08,14.1,10.7,17.5,0.0,,83.0,12.0,,1010.7,,vladivostok
2023-05-09,13.7,7.6,18.0,0.0,,320.0,15.2,,1010.3,,vladivostok
2023-05-10,12.8,7.4,16.8,0.0,,9.0,12.8,,1016.8,,vladivostok
2023-05-11,10.0,8.5,12.5,0.0,,152.0,12.0,,1019.8,,vladivostok
2023-05-12,10.7,9.3,15.3,0.3,,176.0,13.3,,1017.5,,vladivostok
2023-05-13,10.9,9.8,12.8,0.8,,214.0,15.9,,1014.1,,vladivostok
2023-05-14,10.3,8.6,11.8,6.1,,199.0,12.2,,1010.3,,vladivostok
2023-05-15,13.4,11.9,15.9,1.6,,204.0,15.0,,1005.7,,vladivostok
2023-05-16,12.4,11.1,15.7,0.4,,252.0,10.5,,1003.8,,vladivostok
2023-05-17,12.7,11.5,16.0,3.0,,321.0,10.2,,1007.6,,vladivostok
2023-05-18,16.5,10.4,22.8,0.0,,320.0,10.4,,1011.5,,vladivostok
2023-05-19,14.0,10.2,20.1,0.0,,280.0,10.5,,1013.3,,vladivostok
2023-05-20,12.0,5.9,15.9,12.1,,171.0,15.9,,1008.9,,vladivostok
2023-05-21,13.8,9.1,17.8,0.8,,301.0,8.4,,1003.0,,vladivostok
2023-05-22,14.5,10.4,21.2,0.0,,336.0,12.0,,1006.5,,vladivostok
2023-05-23,13.9,4.9,22.9,0.0,,93.0,9.3,,1009.0,,vladivostok
2023-05-24,14.5,6.9,21.9,0.0,,151.0,11.7,,1011.4,,vladivostok
2023-05-25,14.3,12.8,16.3,0.5,,153.0,14.4,,1014.3,,vladivostok
2023-05-26,13.2,12.0,15.6,0.0,,170.0,15.3,,1014.4,,vladivostok
2023-05-27,14.3,12.0,19.5,0.0,,163.0,9.9,,1015.5,,vladivostok
2023-05-28,18.6,14.7,22.8,0.0,,138.0,9.9,,1010.6,,vladivostok
2023-05-29,17.7,12.8,22.7,0.0,,349.0,11.1,,1011.6,,vladivostok
2023-05-30,16.8,12.8,21.1,0.0,,342.0,10.5,,1012.1,,vladivostok
2023-05-31,17.3,13.8,23.5,0.5,,160.0,11.6,,1010.0,,vladivostok
2023-06-01,15.0,13.3,17.2,1.0,,161.0,13.5,,1002.3,,vladivostok
2023-06-02,16.7,12.9,21.9,1.6,,335.0,11.4,,1000.2,,vladivostok
2023-06-03,16.8,13.3,21.0,2.0,,323.0,9.9,,1000.2,,vladivostok
2023-06-04,15.3,13.8,18.9,0.5,,319.0,6.0,,1002.8,,vladivostok
2023-06-05,17.5,14.3,23.2,5.1,,91.0,8.6,,1003.8,,vladivostok
2023-06-06,17.2,13.9,24.9,0.6,,158.0,8.7,,1001.2,,vladivostok
2023-06-07,17.5,15.9,21.3,0.0,,163.0,10.4,,1003.7,,vladivostok
2023-06-08,16.0,15.5,24.9,11.3,,173.0,17.2,,1004.8,,vladivostok
2023-06-09,13.4,11.7,15.7,11.9,,149.0,15.6,,1002.9,,vladivostok
2023-06-10,16.6,12.9,20.9,0.0,,213.0,10.8,,1008.7,,vladivostok
2023-06-11,16.5,15.1,20.1,13.4,,226.0,9.5,,1010.6,,vladivostok
2023-06-12,16.6,14.0,20.7,0.0,,238.0,11.0,,1007.1,,vladivostok
2023-06-13,16.5,14.1,21.2,0.0,,185.0,8.6,,1004.3,,vladivostok
2023-06-14,16.0,14.0,19.8,0.0,,205.0,8.4,,1007.1,,vladivostok
2023-06-15,18.9,15.9,23.9,0.0,,108.0,9.9,,1008.1,,vladivostok
2023-06-16,17.6,15.8,20.0,0.0,,101.0,9.6,,1007.7,,vladivostok
2023-06-17,24.1,18.0,28.9,0.0,,6.0,8.1,,1007.6,,vladivostok
2023-06-18,20.2,16.5,25.9,0.0,,341.0,13.5,,1009.7,,vladivostok
2023-06-19,20.0,17.7,24.7,0.0,,222.0,10.3,,1010.1,,vladivostok
2023-06-20,18.4,16.9,20.4,1.0,,161.0,18.8,,1009.2,,vladivostok
2023-06-21,18.0,15.8,22.9,19.1,,119.0,8.6,,1008.0,,vladivostok
2023-06-22,18.6,15.9,21.9,87.4,,347.0,8.1,,1004.7,,vladivostok
2023-06-23,18.6,16.7,22.6,0.0,,294.0,9.9,,1009.8,,vladivostok
2023-06-24,17.8,15.9,20.4,0.0,,177.0,11.0,,1014.7,,vladivostok
2023-06-25,18.0,17.3,18.4,1.5,,160.0,12.8,,1013.9,,vladivostok
2023-06-26,18.9,18.3,20.6,0.8,,164.0,12.5,,1011.3,,vladivostok
2023-06-27,19.0,17.6,21.3,20.1,,68.0,6.2,,1004.4,,vladivostok
2023-06-28,21.7,17.2,28.9,0.2,,59.0,8.0,,1001.9,,vladivostok
2023-06-29,18.2,16.3,21.1,29.0,,258.0,10.7,,1001.7,,vladivostok
2023-06-30,18.1,15.8,22.7,0.8,,223.0,13.2,,1001.8,,vladivostok
2023-07-01,19.2,16.9,21.9,6.3,,173.0,13.8,,1004.7,,vladivostok
2023-07-02,22.3,19.2,25.9,0.0,,10.0,9.5,,1005.9,,vladivostok
2023-07-03,19.5,18.5,22.7,0.0,,39.0,7.5,,1008.0,,vladivostok
2023-07-04,20.2,19.0,22.5,0.0,,167.0,12.5,,1004.7,,vladivostok
2023-07-05,18.3,17.3,20.0,66.0,,95.0,13.2,,995.9,,vladivostok
2023-07-06,20.6,17.5,25.8,4.1,,349.0,12.5,,995.8,,vladivostok
2023-07-07,19.1,17.2,22.4,0.0,,210.0,10.5,,1003.5,,vladivostok
2023-07-08,18.6,17.4,20.9,0.5,,155.0,9.6,,1004.7,,vladivostok
2023-07-09,22.3,18.9,27.9,0.1,,165.0,12.8,,1003.5,,vladivostok
2023-07-10,23.1,20.9,26.9,3.1,,187.0,14.0,,1000.8,,vladivostok
2023-07-11,21.9,19.4,26.2,4.1,,282.0,5.7,,1000.5,,vladivostok
2023-07-12,23.9,19.6,28.7,0.0,,334.0,12.8,,1002.2,,vladivostok
2023-07-13,23.5,19.2,27.9,0.0,,344.0,6.0,,1004.7,,vladivostok
2023-07-14,18.6,17.9,19.9,16.0,,39.0,6.6,,1002.0,,vladivostok
2023-07-15,18.5,16.5,22.0,5.3,,305.0,7.2,,997.8,,vladivostok
2023-07-16,19.0,17.9,19.9,1.6,,296.0,7.6,,1004.5,,vladivostok
2023-07-17,17.6,16.9,19.2,0.5,,253.0,10.2,,1010.4,,vladivostok
2023-07-18,20.7,18.9,23.9,0.0,,216.0,7.1,,1011.5,,vladivostok
2023-07-19,20.1,18.2,24.0,0.5,,312.0,9.0,,1007.5,,vladivostok
2023-07-20,21.1,19.3,24.1,0.8,,131.0,7.5,,1009.1,,vladivostok
2023-07-21,21.6,20.7,24.2,0.0,,168.0,10.5,,1013.8,,vladivostok
2023-07-22,22.2,21.4,24.5,0.3,,176.0,13.2,,1015.6,,vladivostok
2023-07-23,23.5,20.9,24.9,6.6,,163.0,16.1,,1008.6,,vladivostok
2023-07-24,21.7,20.1,25.3,0.8,,200.0,9.8,,1005.5,,vladivostok
2023-07-25,22.5,20.8,27.0,0.0,,133.0,8.2,,1009.0,,vladivostok
2023-07-26,26.3,21.9,32.9,0.0,,117.0,7.5,,1011.1,,vladivostok
2023-07-27,26.6,23.1,33.9,0.0,,13.0,8.6,,1010.2,,vladivostok
2023-07-28,26.7,23.6,30.4,0.0,,86.0,8.6,,1010.2,,vladivostok
2023-07-29,26.2,23.8,29.2,0.0,,99.0,7.5,,1010.6,,vladivostok
2023-07-30,27.3,22.9,31.5,0.5,,97.0,8.7,,1009.4,,vladivostok
2023-07-31,27.2,23.8,30.7,0.0,,340.0,6.9,,1010.5,,vladivostok
2023-08-01,27.2,23.9,30.7,0.0,,62.0,9.0,,1008.8,,vladivostok
2023-08-02,25.3,23.3,29.3,3.3,,87.0,8.9,,1004.2,,vladivostok
2023-08-03,24.1,22.1,26.1,8.4,,116.0,8.1,,999.9,,vladivostok
2023-08-04,20.7,19.2,27.9,3.3,,229.0,8.3,,1000.7,,vladivostok
2023-08-05,19.2,18.1,20.1,9.9,,265.0,11.0,,1001.2,,vladivostok
2023-08-06,18.4,17.8,19.5,15.0,,256.0,11.3,,1004.5,,vladivostok
2023-08-07,18.7,17.9,20.2,11.9,,239.0,10.5,,1008.0,,vladivostok
2023-08-08,19.9,19.4,20.9,10.9,,326.0,6.5,,1009.1,,vladivostok
2023-08-09,20.6,19.9,21.8,5.1,,257.0,7.5,,1010.1,,vladivostok
2023-08-10,22.7,20.9,23.9,53.1,,318.0,6.1,,1009.3,,vladivostok
2023-08-11,21.7,20.2,23.7,14.2,,349.0,5.7,,1006.3,,vladivostok
2023-08-12,19.3,18.1,27.9,0.8,,344.0,8.0,,1007.8,,vladivostok
2023-08-13,18.9,18.0,21.2,0.0,,260.0,11.9,,1009.1,,vladivostok
2023-08-14,21.3,19.9,22.9,0.6,,262.0,7.4,,1010.3,,vladivostok
2023-08-15,22.5,20.8,26.2,0.8,,353.0,4.5,,1008.6,,vladivostok
2023-08-16,23.9,21.9,26.9,4.7,,326.0,8.3,,1005.3,,vladivostok
2023-08-17,24.8,21.9,29.3,0.0,,321.0,10.8,,1004.2,,vladivostok
2023-08-18,23.2,22.2,26.0,0.0,,133.0,10.8,,1008.2,,vladivostok
2023-08-19,23.8,22.0,27.5,0.5,,214.0,8.9,,1010.6,,vladivostok
2023-08-20,23.9,22.1,28.9,0.0,,298.0,7.5,,1011.8,,vladivostok
2023-08-21,23.1,22.6,24.6,6.1,,170.0,9.9,,1009.7,,vladivostok
2023-08-22,23.2,21.2,24.1,1.0,,183.0,20.3,,1004.0,,vladivostok
2023-08-23,21.9,20.8,22.4,109.0,,32.0,7.2,,1007.2,,vladivostok
2023-08-24,23.8,19.3,27.9,9.9,,349.0,10.2,,1009.7,,vladivostok
2023-08-25,18.8,17.8,19.9,73.7,,319.0,10.8,,1006.0,,vladivostok
2023-08-26,22.1,20.1,25.6,0.0,,312.0,8.6,,1008.5,,vladivostok
2023-08-27,22.9,18.9,26.9,0.0,,347.0,7.1,,1011.6,,vladivostok
2023-08-28,21.3,18.2,25.0,0.8,,322.0,7.5,,1013.6,,vladivostok
2023-08-29,19.6,16.9,21.9,43.2,,24.0,7.1,,1011.9,,vladivostok
2023-08-30,20.6,17.7,24.7,16.5,,101.0,9.6,,1007.2,,vladivostok
2023-08-31,20.5,18.7,23.1,0.0,,341.0,8.6,,1009.2,,vladivostok
2023-09-01,21.9,19.2,25.6,0.0,,77.0,6.2,,1009.0,,vladivostok
2023-09-02,22.5,19.1,26.3,0.0,,342.0,7.5,,1011.8,,vladivostok
2023-09-03,21.4,19.3,24.2,0.0,,89.0,6.8,,1014.7,,vladivostok
2023-09-04,21.6,19.6,25.2,0.0,,117.0,9.3,,1015.4,,vladivostok
2023-09-05,20.7,15.9,25.0,2.0,,354.0,4.8,,1014.0,,vladivostok
2023-09-06,19.4,15.8,23.6,0.0,,352.0,13.7,,1014.8,,vladivostok
2023-09-07,21.1,16.1,24.9,0.0,,312.0,6.6,,1016.6,,vladivostok
2023-09-08,21.2,20.1,23.2,0.0,,131.0,11.6,,1014.6,,vladivostok
2023-09-09,20.7,17.5,27.9,0.0,,359.0,10.4,,1011.8,,vladivostok
2023-09-10,20.6,17.9,22.9,0.2,,265.0,6.3,,1013.0,,vladivostok
2023-09-11,22.2,18.9,25.9,0.6,,169.0,11.0,,1010.1,,vladivostok
2023-09-12,19.7,14.1,25.1,0.0,,0.0,10.5,,1010.8,,vladivostok
2023-09-13,18.4,15.2,21.2,0.0,,327.0,5.0,,1016.3,,vladivostok
2023-09-14,19.2,14.8,23.6,0.0,,330.0,6.0,,1015.8,,vladivostok
2023-09-15,20.3,18.4,24.5,0.0,,107.0,11.3,,1016.6,,vladivostok
2023-09-16,19.6,16.7,23.2,0.5,,6.0,9.3,,1015.0,,vladivostok
2023-09-17,18.5,16.6,19.4,3.0,,309.0,5.6,,1012.0,,vladivostok
2023-09-18,20.1,18.2,22.9,0.8,,265.0,13.1,,1010.9,,vladivostok
2023-09-19,21.4,17.9,24.9,2.8,,230.0,10.5,,1008.1,,vladivostok
2023-09-20,13.8,9.3,17.9,0.0,,350.0,13.6,,1016.1,,vladivostok
2023-09-21,15.9,9.1,20.1,0.0,,2.0,5.9,,1013.3,,vladivostok
2023-09-22,16.5,11.2,23.6,2.0,,37.0,6.5,,1013.5,,vladivostok
2023-09-23,16.0,11.1,20.3,0.0,,342.0,10.1,,1022.5,,vladivostok
2023-09-24,17.6,10.9,21.4,0.0,,13.0,6.3,,1023.6,,vladivostok
2023-09-25,18.5,16.0,21.1,0.0,,73.0,10.5,,1019.3,,vladivostok
2023-09-26,19.1,17.8,22.0,0.0,,113.0,8.7,,1015.8,,vladivostok
2023-09-27,19.3,17.7,21.5,0.5,,133.0,10.7,,1011.9,,vladivostok
2023-09-28,19.6,15.4,24.0,0.0,,334.0,9.3,,1009.3,,vladivostok
2023-09-29,15.6,6.9,23.9,0.0,,146.0,8.5,,1012.0,,vladivostok
2023-09-30,17.1,11.9,21.7,0.5,,70.0,9.3,,1006.8,,vladivostok
2023-10-01,14.6,12.1,19.9,0.0,,338.0,6.3,,1008.8,,vladivostok
2023-10-02,15.5,11.6,20.3,0.0,,352.0,5.4,,1012.5,,vladivostok
2023-10-03,12.4,2.9,22.9,0.0,,77.0,6.8,,1015.8,,vladivostok
2023-10-04,15.3,11.6,19.0,0.5,,316.0,8.7,,1008.5,,vladivostok
2023-10-05,12.5,10.6,14.9,0.0,,325.0,18.8,,1008.5,,vladivostok
2023-10-06,12.2,8.3,16.3,0.0,,330.0,15.0,,1014.6,,vladivostok
2023-10-07,12.1,7.4,16.3,0.0,,338.0,11.6,,1023.5,,vladivostok
2023-10-08,13.8,7.3,17.2,0.0,,45.0,7.2,,1026.9,,vladivostok
2023-10-09,13.9,10.5,17.2,0.0,,49.0,8.1,,1021.6,,vladivostok
2023-10-10,12.5,8.2,18.2,0.0,,354.0,11.6,,1020.3,,vladivostok
2023-10-11,9.2,-0.1,20.9,0.0,,347.0,5.3,,1024.2,,vladivostok
2023-10-12,16.6,12.4,21.1,0.0,,354.0,5.7,,1022.9,,vladivostok
2023-10-13,16.8,11.3,22.6,0.0,,359.0,5.9,,1016.6,,vladivostok
2023-10-14,15.9,12.7,21.3,0.0,,357.0,3.2,,1009.4,,vladivostok
2023-10-15,13.1,8.2,18.3,0.0,,18.0,7.1,,1005.3,,vladivostok
2023-10-16,10.5,7.4,14.3,0.0,,316.0,15.2,,1011.1,,vladivostok
2023-10-17,11.8,7.3,15.6,0.0,,327.0,9.2,,1016.1,,vladivostok
2023-10-18,12.4,8.9,17.9,0.0,,40.0,9.3,,1013.8,,vladivostok
2023-10-19,11.3,5.6,17.3,0.0,,348.0,9.0,,1012.0,,vladivostok
2023-10-20,5.5,2.2,9.9,0.0,,334.0,13.1,,1011.5,,vladivostok
2023-10-21,5.1,1.5,6.5,0.0,,315.0,10.5,,1014.4,,vladivostok
2023-10-22,5.4,-5.1,15.9,1.1,,26.0,8.9,,1015.3,,vladivostok
2023-10-23,11.0,7.3,14.2,0.0,,41.0,6.9,,1020.3,,vladivostok
2023-10-24,11.1,9.9,14.3,1.0,,32.0,6.3,,1016.5,,vladivostok
2023-10-25,10.8,8.9,13.3,0.3,,96.0,5.7,,1014.1,,vladivostok
2023-10-26,10.0,4.5,16.0,0.5,,16.0,9.0,,1013.1,,vladivostok
2023-10-27,6.8,2.7,11.1,0.0,,354.0,11.9,,1016.3,,vladivostok
2023-10-28,6.1,3.0,10.0,0.0,,339.0,13.7,,1020.0,,vladivostok
2023-10-29,8.5,2.8,12.8,0.0,,45.0,5.3,,1021.7,,vladivostok
2023-10-30,9.9,0.9,16.9,0.0,,114.0,7.8,,1019.8,,vladivostok
2023-10-31,12.3,9.5,16.9,2.1,,202.0,6.5,,1016.5,,vladivostok
2023-11-01,5.3,2.6,9.5,0.0,,358.0,9.2,,1014.9,,vladivostok
2023-11-02,9.6,2.3,14.9,14.0,,137.0,13.8,,1014.0,,vladivostok
2023-11-03,3.4,-2.2,9.1,0.0,,353.0,17.0,,1014.7,,vladivostok
2023-11-04,1.5,-2.6,4.0,0.0,,327.0,9.2,,1027.6,,vladivostok
2023-11-05,2.8,1.6,5.5,35.3,,341.0,3.0,,1027.1,,vladivostok
2023-11-06,2.0,-0.3,3.4,56.9,,316.0,15.0,,1001.5,,vladivostok
2023-11-07,-1.6,-3.9,0.4,0.0,,342.0,14.8,,1009.9,,vladivostok
2023-11-08,3.1,-4.2,5.9,1.0,,346.0,5.0,,1024.8,,vladivostok
2023-11-09,0.9,-3.3,7.5,7.9,,349.0,9.8,,1018.2,,vladivostok
2023-11-10,-3.9,-6.6,-1.0,0.0,,343.0,19.4,,1022.9,,vladivostok
2023-11-11,-4.9,-7.6,-2.2,0.0,,352.0,14.0,,1028.9,,vladivostok
2023-11-12,-5.5,-7.8,-4.2,0.0,,340.0,13.7,,1027.4,,vladivostok
2023-11-13,-1.8,-6.1,2.9,0.0,,332.0,12.0,,1021.4,,vladivostok
2023-11-14,-0.2,-3.3,2.5,0.0,,355.0,7.4,,1024.4,,vladivostok
2023-11-15,-2.2,-9.1,7.9,0.0,,43.0,3.6,,1025.7,,vladivostok
2023-11-16,4.9,2.0,6.7,14.0,,84.0,12.8,,1019.2,,vladivostok
2023-11-17,-0.9,-2.8,2.0,0.8,61.0,333.0,16.1,,1007.4,,vladivostok
2023-11-18,1.2,-1.3,2.9,1.3,20.0,329.0,15.5,,1001.2,,vladivostok
2023-11-19,0.8,-1.7,4.3,0.0,10.0,12.0,6.9,,1008.4,,vladivostok
2023-11-20,3.7,-1.1,6.7,0.0,10.0,354.0,10.8,,1016.8,,vladivostok
2023-11-21,8.5,5.4,11.7,0.0,,54.0,5.6,,1015.1,,vladivostok
2023-11-22,5.7,3.4,6.8,3.0,,11.0,2.4,,1013.8,,vladivostok
2023-11-23,-3.2,-8.7,6.3,0.0,,2.0,12.8,,1007.6,,vladivostok
2023-11-24,-8.1,-10.7,-5.6,0.0,,349.0,17.4,,1021.6,,vladivostok
2023-11-25,-7.4,-11.0,-5.9,0.0,,330.0,10.2,,1030.9,,vladivostok
2023-11-26,-4.9,-6.7,-2.8,0.0,,11.0,3.9,,1025.2,,vladivostok
2023-11-27,-7.0,-8.4,-6.2,2.0,30.0,334.0,7.8,,1014.6,,vladivostok
2023-11-28,-8.8,-10.3,-6.6,0.0,30.0,337.0,10.5,,1014.3,,vladivostok
2023-11-29,-9.9,-13.1,-6.6,0.0,30.0,349.0,6.5,,1019.7,,vladivostok
2023-11-30,-11.8,-16.1,-6.1,0.0,,322.0,10.1,,1023.4,,vladivostok
2023-12-01,-7.3,-10.5,-4.6,0.0,10.0,358.0,5.1,,1021.8,,vladivostok
2023-12-02,-5.0,-9.1,-2.8,0.0,10.0,2.0,0.9,,1021.5,,vladivostok
2023-12-03,-2.3,-6.7,-0.1,0.0,30.0,357.0,4.2,,1023.1,,vladivostok
2023-12-04,3.8,1.0,6.2,0.0,,38.0,7.1,,1016.3,,vladivostok
2023-12-05,3.0,-0.3,4.3,0.0,,6.0,2.0,,1016.8,,vladivostok
2023-12-06,2.5,-3.7,5.6,1.0,10.0,19.0,5.6,,1007.4,,vladivostok
2023-12-07,-3.3,-6.2,0.5,0.0,,345.0,12.9,,1006.9,,vladivostok
2023-12-08,-3.6,-10.1,1.9,0.0,,34.0,4.7,,1010.9,,vladivostok
2023-12-09,-4.4,-11.1,2.5,0.0,,339.0,12.5,,1016.3,,vladivostok
2023-12-10,-10.5,-14.5,-5.8,0.0,,350.0,12.9,,1031.5,,vladivostok
2023-12-11,-13.3,-15.1,-12.5,0.0,,3.0,13.8,,1035.1,,vladivostok
2023-12-12,-13.4,-14.5,-11.6,0.0,,358.0,16.5,,1028.4,,vladivostok
2023-12-13,-12.6,-14.9,-9.8,0.0,,348.0,11.1,,1034.2,,vladivostok
2023-12-14,-12.0,-15.1,-9.1,0.0,,359.0,15.8,,1037.1,,vladivostok
2023-12-15,-16.0,-17.2,-14.6,0.5,20.0,2.0,19.5,,1027.8,,vladivostok
2023-12-16,-17.0,-17.9,-14.1,2.0,20.0,8.0,21.4,,1017.6,,vladivostok
2023-12-17,-16.7,-18.7,-14.5,0.0,10.0,341.0,15.3,,1023.9,,vladivostok
2023-12-18,-15.9,-18.9,-13.5,0.0,10.0,2.0,6.9,,1033.3,,vladivostok
2023-12-19,-17.9,-20.4,-12.1,0.0,10.0,346.0,7.5,,1031.1,,vladivostok
2023-12-20,-19.7,-21.7,-16.8,0.0,10.0,350.0,11.4,,1026.7,,vladivostok
2023-12-21,-19.9,-21.8,-18.0,0.0,10.0,18.0,14.3,,1026.8,,vladivostok
2023-12-22,-19.2,-15.9,-14.1,0.0,,345.0,9.0,,1030.0,,vladivostok
2023-12-23,-17.7,-12.1,-9.7,0.0,10.0,359.0,4.7,,1033.0,,vladivostok
2023-12-24,-15.3,-12.8,-4.1,0.0,10.0,4.0,3.6,,1029.2,,vladivostok
2023-12-25,-7.9,-11.8,-4.3,0.0,10.0,12.0,4.8,,1023.8,,vladivostok
2023-12-26,-6.4,-10.5,-1.1,0.0,30.0,6.0,7.7,,1021.9,,vladivostok
2023-12-27,-7.7,-11.3,-5.5,0.0,30.0,18.0,6.3,,1032.1,,vladivostok
2023-12-28,-5.2,-7.3,-2.4,0.0,20.0,19.0,5.1,,1027.2,,vladivostok
2023-12-29,-9.2,-12.0,-6.1,0.0,10.0,13.0,1.7,,1023.8,,vladivostok
2023-12-30,-7.8,-12.1,-3.0,1.0,30.0,338.0,5.9,,1020.7,,vladivostok
2023-12-31,-14.2,-17.2,-10.9,0.0,20.0,359.0,22.1,,1023.2,,vladivostok
